source_category,nsi_id,display_name,tags_brand,brand_wikidata,location_include,location_exclude,match_names_count,match_input_name,match_slug,match_status,matched_image_svg,matched_image_png
alcohol,1day-41aec7,1. day,1. day,Q108149927,sk,,1,1. day,1-day,no,,
convenience,1011-ead397,10-11,10-11,Q65336720,is,,0,10-11,10-11,only_png,,10-11.png
variety_store,100houselemon-e1b193,100えんハウス レモン,100えんハウス レモン,Q43305392,jp,,0,100えんハウス レモン,100,no,,
convenience,108shop-f572b3,108 Shop,108 Shop,Q4546767,th,,0,108 Shop,108-shop,no,,
convenience,1ststop-f1e40b,1st Stop,1st Stop,Q65706152,us,,1,1st Stop,1st-stop,no,,
supermarket,365discount-072052,365discount,365discount,Q104671354,dk,,2,365discount,365discount,no,,
variety_store,3coins-e1b193,3COINS,3COINS,Q60997353,jp,,0,3COINS,3coins,no,,
supermarket,3hreesixty-745f9c,3hreeSixty,3hreeSixty,Q7797310,hk,,1,3hreeSixty,3hreesixty,only_png,,3hreesixty.png
convenience,4all-edef5f,4all,4all,Q130279387,gr,,0,4all,4all,only_png,,4all.png
convenience,7eleven-2da37b,7-Eleven (Norge),7-Eleven,Q259340,no,,2,7-Eleven,7-eleven,both,7-eleven.svg,7-eleven.png
convenience,7eleven-652b3e,セブン-イレブン,7-ELEVEN,Q259340,jp,,2,7-ELEVEN,7-eleven,both,7-eleven.svg,7-eleven.png
convenience,7eleven-e1b4e3,7-Eleven,7-Eleven,Q259340,001,jp|kr|no,5,7-Eleven,7-eleven,both,7-eleven.svg,7-eleven.png
convenience,724mix-9d5235,7/24 Mix,7/24 Mix,Q113264389,mx,,0,7/24 Mix,7-24-mix,only_png,,7-24-mix.png
convenience,759store-298a73,759阿信屋 759 Store,759阿信屋 759 Store,Q10846179,hk,,0,759阿信屋 759 Store,759-759-store,no,,
convenience,76-f1e40b,76,76,Q1658320,us,,0,76,76,both,76.svg,76.png
convenience,8ahuit-bf3eb4,8 à Huit,8 à Huit,Q2818601,fr,,0,8 à Huit,8-a-huit,only_svg,8-a-huit.svg,
supermarket,8ahuit-c16b1c,8 à Huit,8 à Huit,Q2818601,fr,,0,8 à Huit,8-a-huit,only_svg,8-a-huit.svg,
wine,8000vintages-a3a873,8000 მოსავალი,8000 მოსავალი,Q136806379,ge,,0,8000 მოსავალი,8000,no,,
variety_store,99centsonlystores-c85191,99 Cents Only Stores,99 Cents Only Stores,Q4646294,us,,2,99 Cents Only Stores,99-cents-only-stores,only_svg,99-cents-only-stores.svg,
supermarket,99ranchmarket-dde59d,99 Ranch Market,99 Ranch Market,Q4646307,us,,2,99 Ranch Market,99-ranch-market,only_png,,99-ranch-market.png
variety_store,99speedmart-14cb81,99 Speedmart,99 Speedmart,Q62075061,my,,0,99 Speedmart,99-speedmart,only_png,,99-speedmart.png
supermarket,99speedmart-bfc07b,99 Speedmart,99 Speedmart,Q62075061,my|sg,,0,99 Speedmart,99-speedmart,only_png,,99-speedmart.png
bakery,apadariaportuguesa-6fa785,A Padaria Portuguesa,A Padaria Portuguesa,Q113951278,pt,,0,A Padaria Portuguesa,a-padaria-portuguesa,no,,
supermarket,aando-0cb133,A&O,A&O,Q3600279,it,,0,A&O,a-o,only_png,,a-o.png
bakery,a1bakery-d71ca5,A-1 Bakery,A-1 Bakery,Q117270360,hk|jp,,0,A-1 Bakery,a-1-bakery,no,,
supermarket,a101-5b5772,A101,A101,Q6034496,tr,,0,A101,a101,both,a101.svg,a101.png
convenience,a101-62eaab,A101,A101,,tr,,0,A101,a101,both,a101.svg,a101.png
dairy,aavin-6e9671,Aavin,Aavin,Q4662814,in,,0,Aavin,aavin,no,,
convenience,abarroteslupita-9d5235,Abarrotes Lupita,Abarrotes Lupita,,mx,,0,Abarrotes Lupita,abarrotes-lupita,no,,
convenience,abarrotesmonterrey-9d5235,Abarrotes Monterrey,Abarrotes Monterrey,Q113182569,mx,,0,Abarrotes Monterrey,abarrotes-monterrey,only_png,,abarrotes-monterrey.png
convenience,abc-540f13,ABC (Hawaii),ABC,Q4650251,us-hi,,1,ABC,abc,only_png,,abc.png
convenience,abc-95f41b,abc (Polska),abc,Q11683985,pl,,0,abc,abc,only_png,,abc.png
alcohol,abc-bba101,ABC (North Carolina),ABC,Q7054415,us-nc.geojson,,1,ABC,abc,only_png,,abc.png
supermarket,abclavpris-072052,ABC Lavpris,ABC Lavpris,Q12300077,dk,,0,ABC Lavpris,abc-lavpris,only_png,,abc-lavpris.png
supermarket,acme-dde59d,Acme,Acme,Q341975,us,,0,Acme,acme,both,acme.svg,acme.png
variety_store,action-ba0d1d,Action,Action,Q2634111,at|be|cz|de|es|fr|it|lu|nl|pl|pt|sk,,0,Action,action,both,action.svg,action.png
supermarket,addelhaize-f276cb,AD Delhaize,AD Delhaize,Q1184173,be|lu,,0,AD Delhaize,ad-delhaize,both,ad-delhaize.svg,ad-delhaize.png
supermarket,adeg-1eef1d,ADEG,ADEG,Q290211,at,,0,ADEG,adeg,both,adeg.svg,adeg.png
convenience,admiral-d554ea,Admiral,Admiral,,us-mi.geojson,,0,Admiral,admiral,only_png,,admiral.png
supermarket,aeon-745f9c,永旺 AEON,AEON,Q271413,hk,,1,AEON,aeon,both,aeon.svg,aeon.png
supermarket,aeonbig-80e9ee,AEON BiG,AEON BiG,Q8077280,my,,0,AEON BiG,aeon-big,only_png,,aeon-big.png
supermarket,aeonsupercenter-fe0970,イオンスーパーセンター,AEON SUPERCENTER,Q11285970,jp,,0,AEON SUPERCENTER,aeon-supercenter,only_svg,aeon-supercenter.svg,
supermarket,ahorramas-0513f1,Ahorramás,Ahorramás,Q58221883,es,,0,Ahorramás,ahorramas,only_png,,ahorramas.png
convenience,aibe-401681,Aibe,Aibe,Q126120243,lv,,0,Aibe,aibe,only_png,,aibe.png
convenience,aibe-64a6c9,Aibė,Aibė,Q1022952,lt,,0,Aibė,aibe,only_png,,aibe.png
bakery,aili-c0ca1d,AILI,AILI,,cn,,0,AILI,aili,no,,
pet,akvazoo-381fdf,Akvazoo,Akvazoo,Q132130358,cz,,0,Akvazoo,akvazoo,no,,
convenience,alprimeenergy-e1865d,AL Prime Energy,AL Prime Energy,Q135268157,us-fl.geojson|us-ma.geojson|us-nh.geojson,,1,AL Prime Energy,al-prime-energy,no,,
supermarket,albert-8e6809,Albert,Albert,Q9144241,cz,,0,Albert,albert,only_png,,albert.png
supermarket,albertheijn-1cf55d,Albert Heijn,Albert Heijn,Q1653985,be|nl,,0,Albert Heijn,albert-heijn,both,albert-heijn.svg,albert-heijn.png
convenience,albertheijntogo-f85122,Albert Heijn to go,Albert Heijn to go,Q77971185,nl,,0,Albert Heijn to go,albert-heijn-to-go,only_png,,albert-heijn-to-go.png
supermarket,albertheijnxl-1cf55d,Albert Heijn XL,Albert Heijn XL,Q78163765,be|nl,,0,Albert Heijn XL,albert-heijn-xl,only_png,,albert-heijn-xl.png
supermarket,albertsons-dde59d,Albertsons,Albertsons,Q2831861,us,,1,Albertsons,albertsons,both,albertsons.svg,albertsons.png
supermarket,albertsonsmarket-ba1fb8,Albertsons Market,Albertsons Market,Q115350320,us-nm.geojson,,0,Albertsons Market,albertsons-market,only_png,,albertsons-market.png
supermarket,alcampo-0513f1,Alcampo,Alcampo,Q2832081,es,,0,Alcampo,alcampo,only_png,,alcampo.png
alcohol,alcoholandtabakoff-059946,Alcohol & Tabakoff,Alcohol & Tabakoff,Q111364479,bg,,0,Alcohol & Tabakoff,alcohol-tabakoff,no,,
supermarket,aldi-3a2eb7,Aldi (Aldi Nord group),Aldi,Q41171373,be|dk|es|fx|lu|nl|pl|pt,,2,Aldi,aldi,both,aldi.svg,aldi.png
supermarket,aldi-68f0e3,Aldi (Aldi Süd group),Aldi,Q41171672,au|ch|cn|gb|hu|ie|it|us,,5,Aldi,aldi,both,aldi.svg,aldi.png
supermarket,aldi-813759,Aldi Nord (Deutschland),Aldi Nord,Q41171373,de,aldi-sued.geojson,0,Aldi Nord,aldi-nord,both,aldi-nord.svg,aldi-nord.png
supermarket,aldisud-e4a24f,Aldi Süd (Deutschland),Aldi Süd,Q41171672,aldi-sued.geojson,,1,Aldi Süd,aldi-sud,both,aldi-sud.svg,aldi-sud.png
convenience,alepa-5dea79,Alepa,Alepa,Q4716167,fi,,0,Alepa,alepa,only_png,,alepa.png
convenience,alfaexpress-bb8a09,Alfa Express,Alfa Express,Q12471463,id,,0,Alfa Express,alfa-express,only_svg,alfa-express.svg,
convenience,alfamart-28d321,Alfamart,Alfamart,Q23745600,id|ph,,0,Alfamart,alfamart,both,alfamart.svg,alfamart.png
convenience,alfamidi-bb8a09,Alfamidi,Alfamidi,Q12471462,id,,0,Alfamidi,alfamidi,both,alfamidi.svg,alfamidi.png
supermarket,alimerka-0513f1,Alimerka,Alimerka,Q16482738,es,,0,Alimerka,alimerka,both,alimerka.svg,alimerka.png
alcohol,alko-d1a8a4,Alko,Alko,Q1849187,fi,,0,Alko,alko,no,,
convenience,alldayconveniencestore-fb2210,All Day Convenience Store,All Day,Q120142311,ph,,0,All Day,all-day,only_png,,all-day.png
supermarket,alldaysupermarket-49e134,All Day Supermarket,All Day Supermarket,Q120142311,ph,,0,All Day Supermarket,all-day-supermarket,only_png,,all-day-supermarket.png
beverages,alldrink-c4cb62,alldrink,alldrink,Q110155637,de,,0,alldrink,alldrink,no,,
convenience,allsups-f1e40b,Allsup's,Allsup's,Q4733292,us,,1,Allsup's,allsups,both,allsups.svg,allsups.png
convenience,alltown-ae58e4,Alltown,Alltown,Q119586667,us-ct.geojson|us-ma.geojson|us-me.geojson|us-nh.geojson|us-ri.geojson,,0,Alltown,alltown,only_png,,alltown.png
convenience,alltownfresh-790588,Alltown Fresh,Alltown Fresh,Q119591365,us-ct.geojson|us-ma.geojson|us-nh.geojson|us-ny.geojson,,0,Alltown Fresh,alltown-fresh,only_png,,alltown-fresh.png
supermarket,alnaturasupernaturmarkt-f97a5b,Alnatura Super Natur Markt,Alnatura,Q876811,ch|de,,0,Alnatura,alnatura,both,alnatura.svg,alnatura.png
convenience,alohaislandmart-f1e40b,Aloha Island Mart,Aloha Petroleum,Q4734197,us,,0,Aloha Petroleum,aloha-petroleum,only_png,,aloha-petroleum.png
pet,alphazoo-28b0e3,AlphaZoo,AlphaZoo,,hu,,0,AlphaZoo,alphazoo,no,,
convenience,altaconvenience-f1e40b,Alta Convenience,Alta Convenience,Q110311797,us,,0,Alta Convenience,alta-convenience,only_png,,alta-convenience.png
supermarket,alvo-f276cb,Alvo,Alvo,Q16068936,be|lu,,0,Alvo,alvo,only_png,,alvo.png
supermarket,ampm-6b65f1,AM:PM,AM:PM,Q6891113,il,,0,AM:PM,am-pm,only_png,,am-pm.png
supermarket,amazonfresh-21d28e,Amazon Fresh,Amazon Fresh,Q4740834,001,cn,0,Amazon Fresh,amazon-fresh,both,amazon-fresh.svg,amazon-fresh.png
convenience,amazongo-f1e40b,Amazon Go,Amazon Fresh,Q27676067,us,,0,Amazon Fresh,amazon-fresh,both,amazon-fresh.svg,amazon-fresh.png
convenience,ameristop-f1e40b,AmeriStop,AmeriStop,Q66048258,us,,0,AmeriStop,ameristop,only_png,,ameristop.png
supermarket,ametllerorigen-774072,Ametller Origen,Ametller Origen,Q20106290,ad|es,,0,Ametller Origen,ametller-origen,only_png,,ametller-origen.png
supermarket,amigo-dde59d,Amigo,Amigo,Q4746234,us,,3,Amigo,amigo,only_png,,amigo.png
supermarket,amigos-a6c312,Amigos,Amigos,Q115350331,us-tx.geojson,,1,Amigos,amigos,only_png,,amigos.png
convenience,amoco-f1e40b,Amoco,Amoco,Q465952,us,,0,Amoco,amoco,only_png,,amoco.png
convenience,ampm-4d6b4b,ampm,ampm,Q306960,001,,0,ampm,ampm,only_png,,ampm.png
convenience,foodary-0b0ae9,Foodary,Ampol,Q4748528,au,,1,Ampol,ampol,only_png,,ampol.png
dairy,amul-6e9671,Amul,Amul,Q2721482,in,,0,Amul,amul,both,amul.svg,amul.png
bakery,boulangerieange-731a34,Ange,Ange,Q98383422,fr,,0,Ange,ange,no,,
supermarket,angelocaputosfreshmarkets-5ca8e2,Angelo Caputo's Fresh Markets,Angelo Caputo's Fresh Markets,Q118594294,us-il.geojson,,0,Angelo Caputo's Fresh Markets,angelo-caputos-fresh-markets,only_png,,angelo-caputos-fresh-markets.png
pet,animalis-aea085,Animalis,Animalis,Q2850015,fx,,0,Animalis,animalis,only_png,,animalis.png
pet,animates-b0a57a,Animates,Animates,Q110299350,nz,,0,Animates,animates,no,,
pet,animax-67c127,Animax,Animax,Q119440709,ro,,0,Animax,animax,no,,
bakery,anker-4c6659,Anker,Anker,Q557116,at|sk,,0,Anker,anker,no,,
convenience,annabella-597303,Annabella,Annabella,Q127785313,ro,,0,Annabella,annabella,only_png,,annabella.png
supermarket,annabella-62a473,Annabella,Annabella,Q127785313,ro,,0,Annabella,annabella,only_png,,annabella.png
convenience,aplus-f1e40b,APlus (Sunoco),APlus,Q4646934,us,,0,APlus,aplus,no,,
convenience,applegreen-cc2a33,Applegreen,Applegreen,Q7178908,gb|ie|us,,0,Applegreen,applegreen,only_png,,applegreen.png
supermarket,ara-271a34,Ara,Ara,Q63148677,co,,0,Ara,ara,both,ara.svg,ara.png
convenience,aral-1fe310,Aral,Aral,Q565734,de|lu,,1,Aral,aral,only_png,,aral.png
convenience,arambaghfoodmart-bb430b,Arambagh Foodmart,Arambagh Foodmart,Q130550508,in,,2,Arambagh Foodmart,arambagh-foodmart,only_png,,arambagh-foodmart.png
supermarket,araz-d4a1bc,Araz,Araz,Q97224746,az,,0,Araz,araz,only_png,,araz.png
pet,arcaplanet-fc1a4b,Arcaplanet,Arcaplanet,Q105530937,it,,0,Arcaplanet,arcaplanet,no,,
supermarket,arddiscount-0cb133,Ard Discount,Ard Discount,Q105102666,it,,0,Ard Discount,ard-discount,only_png,,ard-discount.png
supermarket,arhelan-9e6a6c,Arhelan,Arhelan,Q121945016,pl,,0,Arhelan,arhelan,no,,
pet,arkenzoo-8a75dc,Arken Zoo,Arken Zoo,Q16497087,se,,0,Arken Zoo,arken-zoo,no,,
bakery,armbruster-3f448e,Armbruster,Armbruster,Q67987954,de,,0,Armbruster,armbruster,no,,
convenience,asda-232829,Asda,Asda,Q297410,gb,,0,Asda,asda,both,asda.svg,asda.png
supermarket,asda-a8278b,Asda,Asda,Q297410,gb,,2,Asda,asda,both,asda.svg,asda.png
convenience,asdaexpress-232829,Asda Express,Asda Express,Q114826023,gb,,0,Asda Express,asda-express,only_png,,asda-express.png
convenience,asdaonthemove-232829,Asda On The Move,Asda On The Move,Q105221621,gb,,1,Asda On The Move,asda-on-the-move,only_png,,asda-on-the-move.png
bakery,asprod-839c38,Asprod,Asprod,Q111784377,pl,,0,Asprod,asprod,no,,
supermarket,assaiatacadista-20f2a8,Assaí Atacadista,Assaí Atacadista,Q28679415,br,,0,Assaí Atacadista,assai-atacadista,both,assai-atacadista.svg,assai-atacadista.png
supermarket,aswakassalam-dc016e,Aswak Assalam أسواق السلام,Aswak Assalam أسواق السلام,Q2868678,ma,,0,Aswak Assalam أسواق السلام,aswak-assalam,no,,
supermarket,atacadao-0e6c71,Atacadão,Atacadão,Q2868739,br|ma,,0,Atacadão,atacadao,only_png,,atacadao.png
bakery,aupaindemongrandpere-09ad2c,Au Pain de mon Grand-Père,Au Pain de mon Grand-Père,Q128837687,fx,,0,Au Pain de mon Grand-Père,au-pain-de-mon-grand-pere,no,,
supermarket,auchan-05ddc8,Auchan,Auchan,Q758603,ci|cn|fr|hu|lu|mr|pl|pt|ro|sn,,0,Auchan,auchan,both,auchan.svg,auchan.png
supermarket,auchandrive-715442,Auchan Drive,Auchan Drive,Q2870659,fr|lu,,0,Auchan Drive,auchan-drive,only_png,,auchan-drive.png
supermarket,auchansupermarche-c16b1c,Auchan Supermarché,Auchan Supermarché,Q105857776,fr,,2,Auchan Supermarché,auchan-supermarche,only_png,,auchan-supermarche.png
supermarket,auchansupermercado-a14fce,Auchan Supermercado,Auchan Supermercado,Q105857776,pt,,0,Auchan Supermercado,auchan-supermercado,only_png,,auchan-supermercado.png
bakery,augustin-09ad2c,Augustin,Augustin,Q130232585,fx,,0,Augustin,augustin,no,,
convenience,avec-c71a8a,avec,avec,Q103863974,ch|de,,0,avec,avec,only_png,,avec.png
convenience,avia-da37e8,Avia,Avia,Q300147,at|be|bg|ch|cz|de|es|fx|hu|it|nl|pl|pt|rs|ua,,0,Avia,avia,both,avia.svg,avia.png
convenience,avondalefoodstores-e144dd,Avondale Food Stores,Avondale Food Stores,Q129409858,ca-on.geojson,,0,Avondale Food Stores,avondale-food-stores,only_png,,avondale-food-stores.png
bakery,awiteks-839c38,Awiteks,Awiteks,Q62054190,pl,,0,Awiteks,awiteks,no,,
variety_store,bandm-622078,B&M,B&M,Q4836931,gb,,1,B&M,b-m,only_png,,b-m.png
variety_store,bandmbargains-622078,B&M Bargains,B&M Bargains,Q4836931,gb,,1,B&M Bargains,b-m-bargains,only_png,,b-m-bargains.png
convenience,bandmexpress-232829,B&M Express,B&M Express,Q99640578,gb,,1,B&M Express,b-m-express,only_png,,b-m-express.png
variety_store,bandmhomestore-622078,B&M Home Store,B&M Home Store,Q4836931,gb,,0,B&M Home Store,b-m-home-store,no,,
variety_store,bandmhomestorewithgardencentre-622078,B&M Home Store with Garden Centre,B&M Home Store,Q4836931,gb,,0,B&M Home Store,b-m-home-store,no,,
bakery,bachmeier-3f448e,Bachmeier,Bachmeier,Q106823498,de,,0,Bachmeier,bachmeier,no,,
bakery,backfactory-3f448e,Back-Factory,Back-Factory,Q21200483,de,,0,Back-Factory,back-factory,no,,
bakery,backhaushackner-7367b5,Backhaus Hackner,Backhaus Hackner,Q122761485,de-by.geojson,,0,Backhaus Hackner,backhaus-hackner,no,,
bakery,backhaushennig-a5d472,Backhaus Hennig,Backhaus Hennig,Q112186151,de-sn.geojson|de-st.geojson|de-th.geojson,,0,Backhaus Hennig,backhaus-hennig,no,,
bakery,backhausnahrstedt-3f448e,Backhaus Nahrstedt,Backhaus Nahrstedt,Q798438,de,,2,Backhaus Nahrstedt,backhaus-nahrstedt,no,,
bakery,backstubewunsche-3f448e,Backstube Wünsche,Backstube Wünsche,Q66085325,de,,1,Backstube Wünsche,backstube-wunsche,no,,
bakery,backwerk-5fc8b1,Backwerk,BackWerk,Q798298,at|ch|de|gb|nl,,0,BackWerk,backwerk,no,,
bakery,bagietka-839c38,Bagietka,Bagietka,,pl,,0,Bagietka,bagietka,no,,
bakery,baguette-2e087b,Baguette,Baguette,Q82512635,at,,0,Baguette,baguette,no,,
bakery,bakerscottage-146b0c,Baker's Cottage,Baker's Cottage,Q107801364,my,,0,Baker's Cottage,bakers-cottage,no,,
bakery,bakersdelight-3465b3,Bakers Delight,Bakers Delight,Q4849261,au|ca|nz|us,,0,Bakers Delight,bakers-delight,no,,
bakery,bakkerbart-8ba7df,Bakker Bart,Bakker Bart,Q2177445,be|nl,,0,Bakker Bart,bakker-bart,no,,
bakery,bakkervanmaanen-8eaf6b,Bakker van Maanen,Bakker van Maanen,Q123435188,nl,,0,Bakker van Maanen,bakker-van-maanen,no,,
convenience,bakmaz-5b00ff,Bakmaz,Bakmaz,Q65132948,hr,,0,Bakmaz,bakmaz,only_png,,bakmaz.png
bakery,balfours-c119fa,Balfours,Balfours,Q4850765,au,,0,Balfours,balfours,no,,
convenience,bama-9d5235,Bama,Bama,Q113182024,mx,,0,Bama,bama,only_png,,bama.png
bakery,banette-731a34,Banette,Banette,Q2882405,fr,,0,Banette,banette,no,,
bakery,banjosbakerycafe-c119fa,Banjo's Bakery Cafe,Banjo's Bakery Cafe,Q105904686,au,,0,Banjo's Bakery Cafe,banjos-bakery-cafe,no,,
bakery,barbarossabackerei-3f448e,Barbarossa Bäckerei,Barbarossa Bäckerei,Q807766,de,,2,Barbarossa Bäckerei,barbarossa-backerei,no,,
bbq,barbequesgalore-83e1d4,Barbeques Galore,Barbeques Galore,Q4859570,au,,0,Barbeques Galore,barbeques-galore,no,,
alcohol,bargainbooze-30632a,Bargain Booze,Bargain Booze,Q16971315,gb,,1,Bargain Booze,bargain-booze,no,,
convenience,bargainboozeselectconvenience-232829,Bargain Booze Select Convenience,Bargain Booze Select Convenience,Q124473514,gb,,0,Bargain Booze Select Convenience,bargain-booze-select-convenience,only_png,,bargain-booze-select-convenience.png
variety_store,bargainbuys-622078,Bargain Buys,Bargain Buys,Q19870995,gb,,0,Bargain Buys,bargain-buys,no,,
alcohol,barrique-c5afd8,Barrique,Barrique,Q114133164,de-bb.geojson|de-be.geojson|de-bw.geojson|de-he.geojson|de-hh.geojson|de-mv.geojson|de-ni.geojson|de-nw.geojson|de-sh.geojson|de-sl.geojson|de-sn.geojson|de-th.geojson|nl,,0,Barrique,barrique,no,,
supermarket,bashas-dde59d,Bashas',Bashas',Q4866786,us,,0,Bashas',bashas,both,bashas.svg,bashas.png
supermarket,basko-0cb133,Basko,Basko Supermercati,Q136464609,it,,0,Basko Supermercati,basko-supermercati,only_png,,basko-supermercati.png
bakery,baynes-384d80,Bayne's,Bayne's,Q131864367,gb-sct,,0,Bayne's,baynes,no,,
supermarket,bazaar-37450e,Bazaar,Bazaar,Q4875086,gr,,0,Bazaar,bazaar,both,bazaar.svg,bazaar.png
alcohol,bcliquorstore-0c8640,BC Liquor Store,BC Liquor Store,Q43079557,ca-bc.geojson,,0,BC Liquor Store,bc-liquor-store,no,,
convenience,beckers-e144dd,Becker's,Becker's,Q2893476,ca-on.geojson,,0,Becker's,beckers,no,,
bakery,beechworthbakery-c119fa,Beechworth Bakery,Beechworth Bakery,Q28183324,au,,0,Beechworth Bakery,beechworth-bakery,no,,
alcohol,beermarket-345467,Beer Market,Beer Market,Q119202199,ua,,1,Beer Market,beer-market,no,,
supermarket,belair-097dbf,Bel Air,Bel Air,Q112922067,us-ca.geojson,,0,Bel Air,bel-air,no,,
convenience,bellstores-147d98,BellStores,BellStores,Q111698204,us-oh.geojson,,0,BellStores,bellstores,only_png,,bellstores.png
beverages,benzweinundgetrankemarkt-c4cb62,Benz Wein- und Getränkemarkt,Benz Wein- und Getränkemarkt,Q108885696,de,,0,Benz Wein- und Getränkemarkt,benz-wein-und-getrankemarkt,no,,
supermarket,berkotssuperfoods-5dc7ba,Berkot's Super Foods,Berkot's Super Foods,Q118594324,us-il.geojson|us-wi.geojson,,0,Berkot's Super Foods,berkots-super-foods,only_png,,berkots-super-foods.png
bakery,bursahalkekmek-a32269,Bursa Halk Ekmek,BESAŞ,Q122834688,tr,,0,BESAŞ,besas,no,,
pet,bestfriends-26188c,Best Friends,Best Friends,Q106540748,au,,0,Best Friends,best-friends,no,,
convenience,bestone-232829,Best-one,Best-one,Q4896532,gb,,0,Best-one,best-one,only_png,,best-one.png
wholesale,bestway-650ac6,Bestway,Bestway,Q116679441,gb,,0,Bestway,bestway,no,,
supermarket,beta-858077,Beta,Beta,,lv,,0,Beta,beta,no,,
alcohol,bevco-289791,Bevco,Bevco,Q6393413,in,,0,Bevco,bevco,no,,
alcohol,bevmo-2740a5,BevMo!,BevMo!,Q4899308,us,,0,BevMo!,bevmo,only_svg,bevmo.svg,
supermarket,bhatbhatenisupermarket-e40c68,Bhat-Bhateni Super Market,Bhat-Bhateni Super Market,Q104847792,np,,0,Bhat-Bhateni Super Market,bhat-bhateni-super-market,no,,
supermarket,bilo-dde59d,BI-LO,BI-LO,Q4835620,us,,0,BI-LO,bi-lo,only_png,,bi-lo.png
supermarket,bi1-e36147,bi1,bi1,Q56325139,fx|pl,,0,bi1,bi1,only_png,,bi1.png
supermarket,biedronka-d1b870,Biedronka,Biedronka,Q857182,pl|sk,,0,Biedronka,biedronka,only_png,,biedronka.png
convenience,bigapple-bdefe5,Big Apple,Big Apple,Q123617635,us-me.geojson|us-nh.geojson,,0,Big Apple,big-apple,only_png,,big-apple.png
supermarket,bigbazaar-9ef8f9,Big Bazaar,Big Bazaar,Q3631008,in,,0,Big Bazaar,big-bazaar,only_png,,big-bazaar.png
variety_store,bigbazar-8a7b93,Big Bazar,Big Bazar,Q15873104,be|nl,,0,Big Bazar,big-bazar,no,,
convenience,bigbee-eea72f,Big Bee,Big Bee,Q123409887,ca,,0,Big Bee,big-bee,no,,
supermarket,bigbompreco-20f2a8,BIG Bompreço,BIG Bompreço,Q4940907,br,,0,BIG Bompreço,big-bompreco,no,,
convenience,bigc-298a73,Big C,Big C,Q858665,hk,,2,Big C,big-c,only_png,,big-c.png
supermarket,bigc-a1bbd8,Big C,Big C,Q858665,th|vn,,0,Big C,big-c,only_png,,big-c.png
convenience,bigcmini-f572b3,Big C Mini,Big C Mini,Q858665,th,,2,Big C Mini,big-c-mini,only_png,,big-c-mini.png
supermarket,bigmarket-e8341b,Big Market,Big Market,Q28135235,al,,0,Big Market,big-market,only_png,,big-market.png
convenience,bigred-087ec0,Big Red Stores,Big Red Stores,Q109648675,us-ar.geojson,,0,Big Red Stores,big-red-stores,both,big-red-stores.svg,big-red-stores.png
supermarket,bigy-14be05,Big Y,Big Y,Q4906701,us-ct.geojson|us-ma.geojson,,0,Big Y,big-y,only_png,,big-y.png
supermarket,biga-3bcdfb,Big-A,Big-A,Q11330804,jp-kanto.geojson,,0,Big-A,big-a,only_png,,big-a.png
beverages,bilgro-c4cb62,bilgro,bilgro,Q108029888,de,,0,bilgro,bilgro,no,,
supermarket,bilka-072052,Bilka,Bilka,Q861880,dk,,0,Bilka,bilka,both,bilka.svg,bilka.png
supermarket,billa-3380c4,Billa,Billa,Q537781,at|bg|sk,,0,Billa,billa,both,billa.svg,billa.png
supermarket,billa-8e6809,Billa (Česko),Billa,Q42969493,cz,,0,Billa,billa,both,billa.svg,billa.png
convenience,billanow-d41f40,Billa Now,Billa Now,Q117309582,at,,0,Billa Now,billa-now,no,,
supermarket,billaplus-1eef1d,Billa Plus,Billa Plus,Q115431077,at,,1,Billa Plus,billa-plus,only_svg,billa-plus.svg,
convenience,billastopandshop-704eff,Billa stop & shop,Billa stop & shop,Q117309603,at|cz,,0,Billa stop & shop,billa-stop-shop,no,,
convenience,billaunterwegs-d41f40,Billa Unterwegs,Billa Unterwegs,Q115555985,at,,0,Billa Unterwegs,billa-unterwegs,no,,
supermarket,4e4d77-56b425,Billa Днес,Billa Днес,Q124377887,bg,,0,Billa Днес,billa,both,billa.svg,billa.png
supermarket,bininn-5dc426,Bin Inn,Bin Inn,Q110524077,nz,,0,Bin Inn,bin-inn,only_png,,bin-inn.png
supermarket,bingo-f320a3,Bingo,Bingo,Q16842066,ba,,0,Bingo,bingo,only_png,,bingo.png
alcohol,binnysbeveragedepot-b97ce0,Binny's Beverage Depot,Binny's Beverage Depot,Q30687714,us-il.geojson,,0,Binny's Beverage Depot,binnys-beverage-depot,no,,
supermarket,biocbon-c08337,Bio C' Bon,Bio C' Bon,Q54312551,es|fr|jp,,0,Bio C' Bon,bio-c-bon,only_svg,bio-c-bon.svg,
supermarket,biocompany-0a839e,Bio Company,Bio Company,Q864179,de,,0,Bio Company,bio-company,both,bio-company.svg,bio-company.png
health_food,biomundo-894bf8,Bio Mundo,Bio Mundo,Q109562493,br,,0,Bio Mundo,bio-mundo,no,,
supermarket,bioplanet-f276cb,Bio-Planet,Bio-Planet,Q122415968,be|lu,,0,Bio-Planet,bio-planet,only_png,,bio-planet.png
supermarket,biocoop-c16b1c,Biocoop,Biocoop,Q2904039,fr,,0,Biocoop,biocoop,both,biocoop.svg,biocoop.png
convenience,biocoop-f6dc0a,Biocoop,Biocoop,Q2904039,fx,,0,Biocoop,biocoop,both,biocoop.svg,biocoop.png
supermarket,biomonde-c16b1c,Biomonde,Biomonde,Q120801927,fr,,0,Biomonde,biomonde,only_png,,biomonde.png
nutrition_supplements,biotechusa-8d859c,BioTechUSA,BioTechUSA,Q116861247,hu|sk,,0,BioTechUSA,biotechusa,no,,
bakery,birds-680575,Birds,Birds,Q63001935,gb,,0,Birds,birds,no,,
bakery,birzuduona-607181,Biržų duona,Biržų duona,Q136814388,lt,,0,Biržų duona,birzu-duona,no,,
convenience,bim-6cb8de,BİM,BİM,Q1022075,eg|ma|tr,,0,BİM,bim,both,bim.svg,bim.png
supermarket,bim-8af1d3,BİM,BİM,Q1022075,ma|tr,,0,BİM,bim,both,bim.svg,bim.png
wholesale,bjswholesaleclub-98b10d,BJ's Wholesale Club,BJ's Wholesale Club,Q4835754,us,,2,BJ's Wholesale Club,bjs-wholesale-club,both,bjs-wholesale-club.svg,bjs-wholesale-club.png
pastry,blikle-6e7edc,Blikle,Blikle,Q9174325,pl,,0,Blikle,blikle,no,,
alcohol,bluebottleliquors-cebc42,Blue Bottle Liquors,Blue Bottle Liquors,Q116861688,za,,0,Blue Bottle Liquors,blue-bottle-liquors,no,,
alcohol,bluebottleliquorsexpress-cebc42,Blue Bottle Liquors Express,Blue Bottle Liquors,Q116861688,za,,0,Blue Bottle Liquors,blue-bottle-liquors,no,,
alcohol,bluebottleliquorsplatinum-cebc42,Blue Bottle Liquors Platinum,Blue Bottle Liquors,Q116861688,za,,0,Blue Bottle Liquors,blue-bottle-liquors,no,,
alcohol,bluebottleliquorsxl-cebc42,Blue Bottle Liquors XL,Blue Bottle Liquors,Q116861688,za,,0,Blue Bottle Liquors,blue-bottle-liquors,no,,
butcher,bluffmeatsupply-dc7578,Bluff Meat Supply,Bluff Meat Supply,Q116981518,za,,0,Bluff Meat Supply,bluff-meat-supply,no,,
supermarket,bm-0513f1,BM,BM,Q62073462,es,,0,BM,bm,only_png,,bm.png
deli,boarshead-39588b,Boar's Head,Boar's Head,Q4931262,us,,0,Boar's Head,boars-head,no,,
supermarket,bodegaaurrera-9b2dfb,Bodega Aurrera,Bodega Aurrera,Q3365858,mx,,0,Bodega Aurrera,bodega-aurrera,only_png,,bodega-aurrera.png
convenience,bodegaaurreraexpress-9d5235,Bodega Aurrera Express,Bodega Aurrera,Q3365858,mx,,0,Bodega Aurrera,bodega-aurrera,only_png,,bodega-aurrera.png
nutrition_supplements,bodyattack-65126f,Body Attack,Body Attack,Q119991519,de,,0,Body Attack,body-attack,no,,
pastry,bolodamadre-64176e,Bolo da Madre,Bolo da Madre,Q121322483,br,,0,Bolo da Madre,bolo-da-madre,no,,
convenience,bonapp-f6dc0a,Bon App!,Bon App!,Q90153100,fx,,0,Bon App!,bon-app,no,,
supermarket,boni-5811b5,Boni,Boni,Q4380634,nl,,0,Boni,boni,both,boni.svg,boni.png
convenience,bonisoir-eea72f,Boni-Soir,Boni-Soir,Q126371804,ca,,0,Boni-Soir,boni-soir,no,,
convenience,bonjour-bd0db4,Bonjour,Bonjour,Q110278299,001,us,0,Bonjour,bonjour,no,,
supermarket,bonpreu-0513f1,Bonpreu,Bonpreu,Q11924747,es,,0,Bonpreu,bonpreu,both,bonpreu.svg,bonpreu.png
supermarket,bonarea-774072,BonÀrea,BonÀrea,Q11924743,ad|es,,0,BonÀrea,bonarea,only_png,,bonarea.png
wholesale,bookerwholesale-650ac6,Booker Wholesale,Booker Wholesale,Q4943180,gb,,0,Booker Wholesale,booker-wholesale,no,,
supermarket,boonsmarkt-5811b5,Boon's Markt,Boon's Markt,Q97704873,nl,,0,Boon's Markt,boons-markt,only_png,,boons-markt.png
supermarket,booths-a8278b,Booths,Booths,Q4943949,gb,,0,Booths,booths,only_png,,booths.png
bakery,borek-839c38,Borek,Borek,Q133856049,pl,,0,Borek,borek,no,,
alcohol,bottlemart-cb3c62,Bottlemart,Bottlemart,Q102863175,au,,0,Bottlemart,bottlemart,no,,
bakery,boulangeriefeuillette-09ad2c,Boulangerie Feuillette,Boulangerie Feuillette,Q136205449,fx,,1,Boulangerie Feuillette,boulangerie-feuillette,no,,
bakery,boulangerielouise-09ad2c,Boulangerie Louise (France),Boulangerie Louise,Q127591514,fx,,0,Boulangerie Louise,boulangerie-louise,no,,
bakery,boulangerielouise-86a1c8,Boulangerie Louise (Belgique),Boulangerie Louise,,be,,0,Boulangerie Louise,boulangerie-louise,no,,
convenience,box-023e9c,Box,Box,Q122467049,ua,,2,Box,box,only_png,,box.png
supermarket,boxer-a11024,Boxer,Boxer,Q116586275,sz|za,,0,Boxer,boxer,only_png,,boxer.png
alcohol,boxerliquors-a774d1,Boxer Liquors,Boxer Liquors,Q122766666,sz|za,,0,Boxer Liquors,boxer-liquors,no,,
convenience,bp2go-7a43a8,BP 2go,BP 2go,Q152057,nz,,1,BP 2go,bp-2go,only_png,,bp-2go.png
convenience,bpconnect-7a43a8,BP Connect,BP Connect,Q152057,nz,,1,BP Connect,bp-connect,only_png,,bp-connect.png
convenience,bpshop-24c3f1,BP Shop,BP Shop,Q152057,au|ch|fr|gb|us,,1,BP Shop,bp-shop,only_png,,bp-shop.png
convenience,br-12bebb,BR,BR,Q4836468,br,,0,BR,br,only_png,,br.png
convenience,brmania-12bebb,BR Mania,BR Mania,Q116877912,br,,0,BR Mania,br-mania,only_png,,br-mania.png
supermarket,bravo-dde59d,Bravo,Bravo,Q16985159,us,,0,Bravo,bravo,only_png,,bravo.png
bakery,breadahead-b4a87a,Bread Ahead,Bread Ahead,Q110984949,gb-lon.geojson,,0,Bread Ahead,bread-ahead,no,,
bakery,breadlife-a78b8f,BreadLife,BreadLife,Q12477245,id,,0,BreadLife,breadlife,no,,
bakery,breadtalk-96a6b3,BreadTalk,BreadTalk,Q1106640,sg,,0,BreadTalk,breadtalk,no,,
bakery,breadtop-c119fa,Breadtop,Breadtop,Q4959217,au,,0,Breadtop,breadtop,no,,
convenience,brightstore-bb8a09,Bright Store,Bright Store,Q130389269,id,,1,Bright Store,bright-store,no,,
bakery,briochedoree-4f9c7f,Brioche Dorée,Brioche Dorée,Q2925606,001,,0,Brioche Dorée,brioche-doree,no,,
convenience,brnenka-a7773e,Brněnka,Brněnka,Q14594510,cz,,0,Brněnka,brnenka,only_png,,brnenka.png
supermarket,brookshirebrothers-dde59d,Brookshire Brothers,Brookshire Brothers,Q4975084,us,,0,Brookshire Brothers,brookshire-brothers,only_png,,brookshire-brothers.png
supermarket,brookshires-dde59d,Brookshire's,Brookshire's,Q4975085,us,,0,Brookshire's,brookshires,only_png,,brookshires.png
bakery,brothaus-3f448e,BrotHaus,BrotHaus,Q26951425,de,,2,BrotHaus,brothaus,no,,
supermarket,brugsen-072052,Brugsen,Brugsen,Q4978690,dk,,0,Brugsen,brugsen,no,,
bakery,brumbysbakeries-c119fa,Brumby's Bakeries,Brumby's Bakeries,Q4978794,au,,1,Brumby's Bakeries,brumbys-bakeries,no,,
bakery,brodandsalt-8825f8,Bröd & Salt,Bröd & Salt,Q131369998,se,,1,Bröd & Salt,brod-salt,no,,
convenience,bucees-f1e40b,Buc-ee's,Buc-ee's,Q4982335,us,,0,Buc-ee's,buc-ees,only_png,,buc-ees.png
convenience,budgens-232829,Budgens,Budgens,Q4985016,gb,,0,Budgens,budgens,no,,
supermarket,budgens-a8278b,Budgens,Budgens,Q4985016,gb,,0,Budgens,budgens,no,,
supermarket,bulkbarn-76454b,Bulk Barn,Bulk Barn,Q4996466,ca,,0,Bulk Barn,bulk-barn,only_png,,bulk-barn.png
supermarket,bunnpris-ed9dd5,Bunnpris,Bunnpris,Q1774634,no,,0,Bunnpris,bunnpris,both,bunnpris.svg,bunnpris.png
pastry,bunsfromhome-68933a,Buns From Home,Buns From Home,Q132891459,gb-lon.geojson,,0,Buns From Home,buns-from-home,no,,
bakery,burnsthebread-680575,Burns the Bread,Burns the Bread,Q102003578,gb,,0,Burns the Bread,burns-the-bread,no,,
supermarket,buteramarket-5ca8e2,Butera Market,Butera Market,Q118629448,us-il.geojson,,0,Butera Market,butera-market,only_png,,butera-market.png
alcohol,bws-cb3c62,BWS,BWS,Q4836848,au,,0,BWS,bws,no,,
convenience,byrnedairyanddeli-6e4505,Byrne Dairy & Deli,Byrne Dairy,Q126673947,us-ny.geojson,,0,Byrne Dairy,byrne-dairy,only_png,,byrne-dairy.png
convenience,bachhoaxanh-61b913,Bách Hóa XANH,Bách Hóa XANH,Q115327101,vn,,0,Bách Hóa XANH,bach-hoa-xanh,only_png,,bach-hoa-xanh.png
bakery,backereiandresen-4c1d19,Bäcker Andresen,Bäcker Andresen,Q111152310,de-sh.geojson,,0,Bäcker Andresen,backer-andresen,no,,
bakery,backergortz-3f448e,Bäcker Görtz,Bäcker Görtz,Q97572517,de,,1,Bäcker Görtz,backer-gortz,no,,
bakery,backereifuchs-3f448e,Bäckerei Fuchs,Bäckerei Fuchs,Q42825993,de,,1,Bäckerei Fuchs,backerei-fuchs,no,,
bakery,backereigrimminger-3f448e,Bäckerei Grimminger,Bäckerei Grimminger,Q106823533,de,,2,Bäckerei Grimminger,backerei-grimminger,no,,
bakery,backereihapp-3f448e,Bäckerei Happ,Bäckerei Happ,Q60303275,de,,2,Bäckerei Happ,backerei-happ,no,,
bakery,backereischmidt-029c59,Bäckerei Schmidt,Bäckerei Schmidt,Q107985300,"[8.62,52.31,50]",,0,Bäckerei Schmidt,backerei-schmidt,no,,
bakery,backereischneider-7c8926,Bäckerei Schneider,Bäckerei Schneider,Q107985229,"[6.68,51.03,65]",,0,Bäckerei Schneider,backerei-schneider,no,,
bakery,backereiwahl-16897a,Bäckerei Wahl,Bäckerei Wahl,Q124726142,de-bb.geojson|de-be.geojson,,0,Bäckerei Wahl,backerei-wahl,no,,
supermarket,bonus-eba859,Bónus,Bónus,Q3480158,fo|is,,0,Bónus,bonus,only_png,,bonus.png
bakery,busch-3f448e,Büsch,Büsch,Q106823554,de,,0,Büsch,busch,no,,
supermarket,ctysuper-04b79e,C!ty'super,C!ty'super,Q5124105,cn|jp|tw,,1,C!ty'super,c-tysuper,only_png,,c-tysuper.png
supermarket,ctown-dde59d,C-Town Supermarkets,C-Town Supermarkets,Q5005929,us,,0,C-Town Supermarkets,c-town-supermarkets,only_png,,c-town-supermarkets.png
chocolate,cacaushow-634f60,Cacau Show,Cacau Show,Q9671713,br,,0,Cacau Show,cacau-show,no,,
supermarket,cactus-a0478c,Cactus,Cactus,Q466918,lu,,0,Cactus,cactus,both,cactus.svg,cactus.png
bakery,cadera-3f448e,Cadera,Cadera,Q62086410,de,,0,Cadera,cadera,no,,
pastry,cafedenata-4c047d,Café de Nata,Café de Nata,Q112672158,gb,,0,Café de Nata,cafe-de-nata,no,,
pastry,cakebox-4c047d,Cake Box,Cake Box,Q110057905,gb,,1,Cake Box,cake-box,no,,
convenience,caltex-c009d7,Caltex,Caltex,Q277470,001,nz,0,Caltex,caltex,only_png,,caltex.png
bakery,campaillette-09ad2c,Campaillette,Campaillette,Q88085399,fx,,0,Campaillette,campaillette,no,,
supermarket,capmarkt-0a839e,CAP-Markt,CAP,Q1022827,de,,0,CAP,cap,only_png,,cap.png
supermarket,caprabo-774072,Caprabo,Caprabo,Q1980781,ad|es,,0,Caprabo,caprabo,both,caprabo.svg,caprabo.png
supermarket,cardenas-dde59d,Cardenas,Cardenas,Q64149543,us,,2,Cardenas,cardenas,only_png,,cardenas.png
supermarket,cargillsfoodcity-8ce434,Cargills Food City (Sri Lanka),Cargills Food City,Q58353955,lk,,0,Cargills Food City,cargills-food-city,only_png,,cargills-food-city.png
supermarket,carrefour-c622af,Carrefour,Carrefour,Q217599,001,cn|tr|tw|us,0,Carrefour,carrefour,both,carrefour.svg,carrefour.png
convenience,carrefourcity-744e9a,Carrefour City,Carrefour City,Q2940187,be|fr,,0,Carrefour City,carrefour-city,only_png,,carrefour-city.png
convenience,carrefourcontact-3219ea,Carrefour Contact,Carrefour Contact,Q2940188,fr|it,,0,Carrefour Contact,carrefour-contact,only_png,,carrefour-contact.png
convenience,carrefourexpress-bd0db4,Carrefour Express,Carrefour Express,Q2940190,001,us,0,Carrefour Express,carrefour-express,only_png,,carrefour-express.png
supermarket,carrefourmarket-9ebf62,Carrefour Market,Carrefour Market,Q2689639,001,cn|ge|tw|us,0,Carrefour Market,carrefour-market,only_png,,carrefour-market.png
convenience,carrefourmontagne-f6dc0a,Carrefour Montagne,Carrefour Montagne,Q2940193,fx,,0,Carrefour Montagne,carrefour-montagne,only_png,,carrefour-montagne.png
supermarket,carrefoursa-5b5772,CarrefourSA,CarrefourSA,Q28870164,tr,,1,CarrefourSA,carrefoursa,only_png,,carrefoursa.png
alcohol,carryout-986e1f,Carry Out,Carry Out,Q116645699,ie,,0,Carry Out,carry-out,no,,
supermarket,carulla-271a34,Carulla,Carulla,Q5047480,co,,0,Carulla,carulla,only_png,,carulla.png
pastry,casadebolos-64176e,Casa de Bolos,Casa de Bolos,Q126540242,br,,0,Casa de Bolos,casa-de-bolos,no,,
convenience,caseysgeneralstore-f1e40b,Casey's General Store,Casey's General Store,Q2940968,us,,2,Casey's General Store,caseys-general-store,only_svg,caseys-general-store.svg,
supermarket,casino-986a24,Casino,Casino,,001,,0,Casino,casino,only_png,,casino.png
convenience,casino-f6dc0a,Casino,Casino,Q137579363,fx,,2,Casino,casino,only_png,,casino.png
bakery,castano-d517a1,Castaño,Castaño,Q5049629,cl,,0,Castaño,castano,no,,
alcohol,cavavin-99d8dc,Cavavin,Cavavin,,fr,,0,Cavavin,cavavin,no,,
convenience,cba-0169d5,CBA,CBA,Q779845,cz|hu|ro|sk,,0,CBA,cba,both,cba.svg,cba.png
supermarket,cba-56b425,CBA (България),CBA,Q779845,bg,,0,CBA,cba,both,cba.svg,cba.png
convenience,cba-854be4,CBA (България),CBA,Q779845,bg,,0,CBA,cba,both,cba.svg,cba.png
supermarket,cba-bd41fe,CBA,CBA,Q779845,cz|hu|ro|sk,,0,CBA,cba,both,cba.svg,cba.png
supermarket,cbabolero-56b425,CBA Bolero,CBA Bolero,Q124736758,bg,,0,CBA Bolero,cba-bolero,only_png,,cba-bolero.png
supermarket,cbaklasiko-56b425,CBA Klasiko,CBA Klasiko,Q124736768,bg,,0,CBA Klasiko,cba-klasiko,only_png,,cba-klasiko.png
supermarket,cbakome-56b425,CBA Kome,CBA Kome,Q124736748,bg,,0,CBA Kome,cba-kome,only_png,,cba-kome.png
convenience,cefco-abc9e1,CEFCO,CEFCO,Q110209230,us-al.geojson|us-fl.geojson|us-la.geojson|us-ms.geojson|us-tx.geojson,,0,CEFCO,cefco,only_png,,cefco.png
supermarket,celeiro-a14fce,Celeiro,Celeiro,Q114102189,pt,,0,Celeiro,celeiro,only_png,,celeiro.png
alcohol,cellarbrations-cb3c62,Cellarbrations,Cellarbrations,Q109807592,au,,0,Cellarbrations,cellarbrations,no,,
convenience,cenex-f1e40b,Cenex,Cenex,Q62127191,us,,0,Cenex,cenex,only_png,,cenex.png
variety_store,centershop-9f9d31,Centershop,Centershop,Q108716135,de,,0,Centershop,centershop,no,,
convenience,centra-0b7623,Centra,Centra,Q747678,gb-nir|ie,,0,Centra,centra,only_png,,centra.png
supermarket,centra-b7087f,Centra,Centra,Q747678,gb|ie,,0,Centra,centra,only_png,,centra.png
convenience,central-eb7785,Central,Central Convenience Store,Q97104475,gb-eng|gb-sct|gb-wls,,0,Central Convenience Store,central-convenience-store,only_png,,central-convenience-store.png
supermarket,centrecommercialeleclerc-f962b8,Centre Commercial E.Leclerc,Centre Commercial E.Leclerc,Q1273376,fr|pl,,0,Centre Commercial E.Leclerc,centre-commercial-e-leclerc,both,centre-commercial-e-leclerc.svg,centre-commercial-e-leclerc.png
greengrocer,ceriseetpotiron-f7a29d,Cerise et Potiron,Cerise et Potiron,Q91634572,fr-ara.geojson,,0,Cerise et Potiron,cerise-et-potiron,no,,
supermarket,cermakfreshmarket-5ca8e2,Cermak Fresh Market,Cermak Fresh Market,Q118865499,us-il.geojson,,0,Cermak Fresh Market,cermak-fresh-market,only_png,,cermak-fresh-market.png
convenience,certified-f1e40b,Certified,Certified,Q100148356,us,,0,Certified,certified,only_png,,certified.png
tea,chapayom-af1b20,Cha Payom,Cha Payom,Q125873635,ae|au|ca|id|mm|my|sg|th,,0,Cha Payom,cha-payom,no,,
supermarket,charter-0513f1,Charter,Charter,Q95916752,es,,0,Charter,charter,only_png,,charter.png
convenience,chatapolska-95f41b,Chata Polska,Chata Polska,Q61994406,pl,,0,Chata Polska,chata-polska,only_png,,chata-polska.png
supermarket,chatapolska-9e6a6c,Chata Polska,Chata Polska,Q61994406,pl,,0,Chata Polska,chata-polska,only_png,,chata-polska.png
supermarket,checkers-802766,Checkers,Checkers,Q5089126,bw|ls|na|za,,0,Checkers,checkers,only_png,,checkers.png
supermarket,checkershyper-f9f648,Checkers Hyper,Checkers Hyper,Q116518886,za,,0,Checkers Hyper,checkers-hyper,only_png,,checkers-hyper.png
supermarket,chedraui-9b2dfb,Chedraui,Chedraui,Q2961952,mx,,0,Chedraui,chedraui,only_png,,chedraui.png
supermarket,selectochedraui-9b2dfb,Selecto Chedraui,Chedraui,Q2961952,mx,,0,Chedraui,chedraui,only_png,,chedraui.png
supermarket,superche-9b2dfb,Super Che,Chedraui,Q2961952,mx,,0,Chedraui,chedraui,only_png,,chedraui.png
supermarket,superchedraui-9b2dfb,Super Chedraui,Chedraui,Q2961952,mx,,0,Chedraui,chedraui,only_png,,chedraui.png
supermarket,supercitochedraui-9b2dfb,Supercito Chedraui,Chedraui,Q2961952,mx,,0,Chedraui,chedraui,only_png,,chedraui.png
supermarket,superselectochedraui-9b2dfb,Super Selecto Chedraui,Chedraui,Q2961952,mx,,0,Chedraui,chedraui,only_png,,chedraui.png
convenience,cheers-a4ab31,Cheers,Cheers,Q64154066,sg|vn,,0,Cheers,cheers,only_png,,cheers.png
pastry,cheesecakecorner-6e7edc,Cheesecake Corner,Cheesecake Corner,Q113232487,pl,,0,Cheesecake Corner,cheesecake-corner,no,,
wholesale,chefstore-98b10d,CHEF'STORE,CHEF'STORE,Q16852683,us,,2,CHEF'STORE,chefstore,no,,
convenience,chevron-f1e40b,Chevron,Chevron,Q319642,us,,0,Chevron,chevron,both,chevron.svg,chevron.png
chocolate,chocolatesbrasilcacau-634f60,Chocolates Brasil Cacau,Chocolates Brasil Cacau,Q9750569,br,,0,Chocolates Brasil Cacau,chocolates-brasil-cacau,no,,
supermarket,choppies-8c44d4,Choppies,Choppies,Q5104860,bw|zm|zw,,0,Choppies,choppies,only_png,,choppies.png
convenience,chorten-95f41b,Chorten,Chorten,Q48843988,pl,,0,Chorten,chorten,only_png,,chorten.png
variety_store,christmastreeshops-c85191,Christmas Tree Shops,Christmas Tree Shops,Q5111452,us,,0,Christmas Tree Shops,christmas-tree-shops,no,,
bakery,cinnaholic-03cd91,Cinnaholic,Cinnaholic,Q48965480,us,,0,Cinnaholic,cinnaholic,no,,
convenience,circlek-04f01c,Circle K,Circle K,Q3268010,001,cn,3,Circle K,circle-k,only_png,,circle-k.png
convenience,citgo-f1e40b,Citgo,Citgo,Q2974437,us,,0,Citgo,citgo,only_png,,citgo.png
wholesale,cityclub-8c6923,City Club,City Club,Q5123101,mx,,0,City Club,city-club,no,,
supermarket,citygross-c57afb,City Gross,City Gross,Q10453555,se,,0,City Gross,city-gross,only_png,,city-gross.png
supermarket,citymarket-9b2dfb,City Market (México),City Market,Q65090778,mx,,0,City Market,city-market,only_png,,city-market.png
supermarket,citymarket-dde59d,City Market (USA),City Market,Q5123299,us,,0,City Market,city-market,only_png,,city-market.png
supermarket,cjsupermarket-fd4d8d,CJ Supermarket,CJ Express,Q125874457,th,,0,CJ Express,cj-express,no,,
convenience,cjmore-f572b3,CJ More,CJ More,Q125874457,th,,0,CJ More,cj-more,no,,
alcohol,claptoncraft-3cbb94,Clapton Craft,Clapton Craft,Q110154844,gb-lon.geojson,,0,Clapton Craft,clapton-craft,no,,
convenience,clarkspumpnshop-f1e40b,Clark's Pump-N-Shop,Clark's Pump-N-Shop,Q65118218,us,,0,Clark's Pump-N-Shop,clarks-pump-n-shop,only_png,,clarks-pump-n-shop.png
convenience,claro-07a460,Claro,Claro,Q3679155,ch,,1,Claro,claro,no,,
supermarket,claudio-0513f1,Claudio,Claudio,Q123369953,es,,0,Claudio,claudio,only_svg,claudio.svg,
convenience,clydebankcooperative-232829,Clydebank Co-operative Society,Clydebank Co-operative,Q5137069,gb,,0,Clydebank Co-operative,clydebank-co-operative,only_png,,clydebank-co-operative.png
convenience,coopdaily-232829,Co-op Daily,Co-op Daily,Q107589681,gb,,1,Co-op Daily,co-op-daily,only_png,,co-op-daily.png
supermarket,coopfood-a8278b,Co-op Food,Co-op Food,Q3277439,gb,,1,Co-op Food,co-op-food,only_png,,co-op-food.png
convenience,cooperativeenroute-d9d9cb,Co-operative En Route,Co-operative En Route,Q108129104,gg|je,,0,Co-operative En Route,co-operative-en-route,only_png,,co-operative-en-route.png
supermarket,cooperativegrandmarche-a048a6,Co-operative Grand Marché,Co-operative Grand Marché,Q107594917,gg|je,,0,Co-operative Grand Marché,co-operative-grand-marche,only_png,,co-operative-grand-marche.png
convenience,cooperativelocale-d9d9cb,Co-operative Locale,Co-operative Locale,Q107594899,gg|je,,0,Co-operative Locale,co-operative-locale,only_png,,co-operative-locale.png
supermarket,coaliment-0513f1,Coaliment,Coaliment,Q127503706,es,,0,Coaliment,coaliment,only_png,,coaliment.png
pet,cobasi-df7a1d,Cobasi,Cobasi,Q86739236,br,,0,Cobasi,cobasi,no,,
bakery,cobsbread-515502,COBS Bread,COBS Bread,Q116771375,ca|us,,0,COBS Bread,cobs-bread,no,,
convenience,coccimarket-f6dc0a,CocciMarket,CocciMarket,Q90020480,fx,,0,CocciMarket,coccimarket,no,,
convenience,coccimarketcity-f6dc0a,CocciMarket City,CocciMarket City,Q90020481,fx,,0,CocciMarket City,coccimarket-city,no,,
supermarket,coccinelleexpress-94a8a9,Coccinelle Express,Coccinelle Express,Q90020479,fx,,0,Coccinelle Express,coccinelle-express,only_png,,coccinelle-express.png
supermarket,coccinellesupermarche-94a8a9,Coccinelle Supermarché,Coccinelle Supermarché,Q90020459,fx,,0,Coccinelle Supermarché,coccinelle-supermarche,only_png,,coccinelle-supermarche.png
convenience,coenmarketsinc-f1e40b,Coen Markets Inc,Coen Markets Inc,Q122856721,us,,0,Coen Markets Inc,coen-markets-inc,only_png,,coen-markets-inc.png
supermarket,coles-c254c9,Coles,Coles,Q1108172,au,,0,Coles,coles,both,coles.svg,coles.png
supermarket,colescentral-c254c9,Coles Central,Coles Central,Q5144653,au,,0,Coles Central,coles-central,no,,
supermarket,coleslocal-c254c9,Coles Local,Coles Local,Q104850818,au,,0,Coles Local,coles-local,only_png,,coles-local.png
supermarket,colruyt-27c1df,Colruyt,Colruyt,Q2363991,be|fr|lu,,0,Colruyt,colruyt,both,colruyt.svg,colruyt.png
supermarket,combi-0a839e,Combi,Combi,Q1113618,de,,0,Combi,combi,both,combi.svg,combi.png
supermarket,comercialmexicana-9b2dfb,Comercial Mexicana,Comercial Mexicana,Q2985173,mx,,0,Comercial Mexicana,comercial-mexicana,only_png,,comercial-mexicana.png
deli,comtessedubarry-ab8cdd,Comtesse du Barry,Comtesse du Barry,Q17176547,fx,,0,Comtesse du Barry,comtesse-du-barry,no,,
supermarket,conad-06d4eb,Conad,Conad,Q639075,al|it,,0,Conad,conad,only_png,,conad.png
supermarket,conadcity-0cb133,Conad City,Conad City,Q57543102,it,,0,Conad City,conad-city,no,,
supermarket,conadsuperstore-0cb133,Conad Superstore,Conad Superstore,Q118129616,it,,0,Conad Superstore,conad-superstore,no,,
supermarket,condis-0513f1,Condis,Condis,Q57417581,es,,0,Condis,condis,only_png,,condis.png
convenience,conoco-f1e40b,Conoco,Conoco,Q109341187,us,,0,Conoco,conoco,no,,
supermarket,consum-0513f1,Consum,Consum,Q8350308,es,,0,Consum,consum,only_png,,consum.png
supermarket,continente-a14fce,Continente,Continente,Q2995683,pt,,0,Continente,continente,both,continente.svg,continente.png
supermarket,continentebomdia-a14fce,Continente Bom Dia,Continente Bom Dia,Q123570507,pt,,0,Continente Bom Dia,continente-bom-dia,only_png,,continente-bom-dia.png
supermarket,continentemodelo-a14fce,Continente Modelo,Continente Modelo,Q1892188,pt,,0,Continente Modelo,continente-modelo,only_png,,continente-modelo.png
convenience,convenientfoodmart-f1e40b,Convenient Food Mart,Convenient Food Mart,Q5166143,us,,0,Convenient Food Mart,convenient-food-mart,only_png,,convenient-food-mart.png
frozen_food,cook-d47c9b,Cook,Cook,Q113457474,gb|gg,,0,Cook,cook,no,,
pastry,cookiesbydesign-64e364,Cookies by Design,Cookies by Design,Q5167112,us,,0,Cookies by Design,cookies-by-design,no,,
convenience,coop-07a460,Coop (Schweiz),Coop,Q432564,ch,,0,Coop,coop,both,coop.svg,coop.png
supermarket,coop-0cb133,Coop (Italia),Coop,Q1129774,it,,0,Coop,coop,both,coop.svg,coop.png
supermarket,coop-36e991,Coop (Schweiz),Coop,Q432564,ch,,0,Coop,coop,both,coop.svg,coop.png
supermarket,coop-5811b5,Coop (Nederland),Coop,Q2390074,nl,,0,Coop,coop,both,coop.svg,coop.png
supermarket,coop-8e6809,Coop (Česko),Coop,Q52851660,cz,,2,Coop,coop,both,coop.svg,coop.png
convenience,coop-a7773e,Coop (Česko),Coop,Q52851660,cz,,2,Coop,coop,both,coop.svg,coop.png
supermarket,coop-c57afb,Coop (Sverige),Coop,Q106684510,se,,6,Coop,coop,both,coop.svg,coop.png
supermarket,coopshop-6b65f1,קואופ שופ,Coop,Q16132437,il,,0,Coop,coop,both,coop.svg,coop.png
convenience,coopabc-58d40d,Coop ABC,Coop ABC,Q868980,hu,,0,Coop ABC,coop-abc,only_png,,coop-abc.png
convenience,coopatlantique-c38318,Coop Atlantique,Coop Atlantique,Q2996560,fr-naq.geojson,,0,Coop Atlantique,coop-atlantique,only_png,,coop-atlantique.png
supermarket,coop-e21b3b,Coop Eesti,Coop Eesti,Q12361460,ee,,0,Coop Eesti,coop-eesti,only_png,,coop-eesti.png
convenience,coopeesti-fb411b,Coop Eesti,Coop Eesti,Q12361460,ee,,0,Coop Eesti,coop-eesti,only_png,,coop-eesti.png
convenience,coopjednota-2496a5,COOP Jednota,COOP Jednota,Q41629254,sk,,2,COOP Jednota,coop-jednota,only_png,,coop-jednota.png
supermarket,coopjednota-4ccde8,COOP Jednota,COOP Jednota,Q41629254,sk,,2,COOP Jednota,coop-jednota,only_png,,coop-jednota.png
convenience,coopkonzum-a7773e,Coop Konzum,Coop Konzum,Q52851660,cz,,1,Coop Konzum,coop-konzum,only_png,,coop-konzum.png
supermarket,coopmarked-ed9dd5,Coop Marked,Coop Marked,Q5167703,no,,0,Coop Marked,coop-marked,no,,
supermarket,coopmega-ed9dd5,Coop Mega,Coop Mega,Q4581010,no,,0,Coop Mega,coop-mega,both,coop-mega.svg,coop-mega.png
convenience,coopmini-58d40d,Coop Mini,Coop Mini,Q868980,hu,,0,Coop Mini,coop-mini,only_png,,coop-mini.png
supermarket,coopprix-ed9dd5,Coop Prix,Coop Prix,Q5167705,no,,0,Coop Prix,coop-prix,only_png,,coop-prix.png
convenience,cooppronto-0438d5,Coop Pronto,Coop Pronto,Q1129777,ch|li,,0,Coop Pronto,coop-pronto,only_png,,coop-pronto.png
supermarket,coopsapporo-c0ae3d,コープさっぽろ,COOP SAPPORO,Q11574624,jp-01.geojson,,0,COOP SAPPORO,coop-sapporo,no,,
supermarket,coopszuper-478515,Coop Szuper,Coop Szuper,Q868980,hu,,0,Coop Szuper,coop-szuper,only_png,,coop-szuper.png
supermarket,coopterno-8e6809,Coop Terno,Coop Terno,Q52851660,cz,,1,Coop Terno,coop-terno,only_png,,coop-terno.png
supermarket,cooptip-8e6809,Coop Tip,Coop Tip,Q52851660,cz,,0,Coop Tip,coop-tip,only_png,,coop-tip.png
convenience,cooptip-a7773e,Coop Tip,Coop Tip,Q52851660,cz,,0,Coop Tip,coop-tip,only_png,,coop-tip.png
supermarket,cooptuty-8e6809,Coop Tuty,Coop Tuty,Q52851660,cz,,1,Coop Tuty,coop-tuty,only_png,,coop-tuty.png
convenience,cooptuty-a7773e,Coop Tuty,Coop Tuty,Q52851660,cz,,1,Coop Tuty,coop-tuty,only_png,,coop-tuty.png
supermarket,coopvandaag-5811b5,Coop Vandaag,Coop Vandaag,Q98455765,nl,,0,Coop Vandaag,coop-vandaag,only_png,,coop-vandaag.png
supermarket,coopfi-0cb133,Coop.fi,Coop.fi,Q4004707,it,,0,Coop.fi,coop-fi,only_png,,coop-fi.png
supermarket,coopcompact-5811b5,CoopCompact,CoopCompact,Q98454887,nl,,0,CoopCompact,coopcompact,no,,
supermarket,cooperativaobrera-0d2b84,Cooperativa Obrera,Cooperativa Obrera,Q110454268,ar,,0,Cooperativa Obrera,cooperativa-obrera,only_png,,cooperativa-obrera.png
bakery,cooplands-680575,Cooplands,Cooplands,Q5167971,gb,,2,Cooplands,cooplands,no,,
butcher,coqivoire-40403c,Coqivoire,Coqivoire,Q60183284,ci,,0,Coqivoire,coqivoire,no,,
supermarket,cora-ea1ce5,Cora,Cora,Q686643,be|fr|lu|ro,,0,Cora,cora,both,cora.svg,cora.png
bakery,cornishbakery-00bbe7,Cornish Bakery,Cornish Bakery,Q124030035,gb-eng,,0,Cornish Bakery,cornish-bakery,no,,
alcohol,cortez-48eb32,Cortez,Cortez,Q132184090,pl,,0,Cortez,cortez,no,,
wholesale,costco-69a5bf,Costco,Costco,Q715583,au|ca|es|fr|gb|is|kr|mx|nz|se|us,,1,Costco,costco,only_svg,costco.svg,
wholesale,costcobusinesscenter-98b10d,Costco Business Center,Costco,Q715583,us,,0,Costco,costco,only_svg,costco.svg,
wholesale,costcobusinesscentre-0ee8ff,Costco Business Centre,Costco,Q715583,ca,ca-qc.geojson,0,Costco,costco,only_svg,costco.svg,
wholesale,costcopourlentreprise-94c8bc,Costco Pour l'entreprise,Costco,Q715583,ca-qc.geojson,,1,Costco,costco,only_svg,costco.svg,
convenience,costcutter-31620e,Costcutter,Costcutter,Q5175072,gb|ie,,1,Costcutter,costcutter,only_png,,costcutter.png
supermarket,costcutter-986a24,Costcutter,Costcutter,Q5175072,001,,1,Costcutter,costcutter,only_png,,costcutter.png
convenience,cosway-3e5671,Cosway,Cosway,Q15916839,my,,0,Cosway,cosway,only_png,,cosway.png
supermarket,coto-0d2b84,Coto,Coto,Q5175411,ar,,0,Coto,coto,only_png,,coto.png
convenience,couchetard-eea72f,Couche-Tard,Couche-Tard,Q2836957,ca,,0,Couche-Tard,couche-tard,only_png,,couche-tard.png
supermarket,countdown-5dc426,Countdown,Countdown,Q5176845,nz,,1,Countdown,countdown,only_png,,countdown.png
bakery,couplands-80e21a,Coupland's,Coupland's,Q107297544,nz,,0,Coupland's,couplands,no,,
supermarket,coviran-d9bffc,Covirán,Covirán,Q61070539,es|pt,,0,Covirán,coviran,only_png,,coviran.png
convenience,cpfreshmart-f572b3,CP Freshmart,CP Freshmart,Q125917787,th,,1,CP Freshmart,cp-freshmart,no,,
supermarket,crai-d52198,Crai,Crai,Q3696429,ch|it,,0,Crai,crai,both,crai.svg,crai.png
pastry,craigscookies-54b2d5,Craig's Cookies,Craig's Cookies,Q137660411,ca,,0,Craig's Cookies,craigs-cookies,no,,
pastry,crumblcookies-e06bde,Crumbl Cookies,Crumbl Cookies,Q106924414,ca|us,,0,Crumbl Cookies,crumbl-cookies,no,,
convenience,cu-3b6392,CU,CU,Q12580836,kr|my,,1,CU,cu,only_png,,cu.png
supermarket,cubfoods-dde59d,Cub Foods,Cub Foods,Q5191916,us,,0,Cub Foods,cub-foods,only_png,,cub-foods.png
pastry,cukierniacieslikowski-6e7edc,Cukiernia Cieślikowski,Cukiernia Cieślikowski,Q113232483,pl,,0,Cukiernia Cieślikowski,cukiernia-cieslikowski,no,,
pastry,cukierniaolsza-6e7edc,Cukiernia Olsza,Cukiernia Olsza,Q136687456,pl,,1,Cukiernia Olsza,cukiernia-olsza,no,,
pastry,cukierniasowa-6e7edc,Cukiernia Sowa,Cukiernia Sowa,Q113232449,pl,,0,Cukiernia Sowa,cukiernia-sowa,no,,
convenience,cumberlandfarms-f1e40b,Cumberland Farms,Cumberland Farms,Q1143685,us,,0,Cumberland Farms,cumberland-farms,only_png,,cumberland-farms.png
tea,czasnaherbate-2f47e9,Czas na Herbatę,Czas na Herbatę,Q123049012,pl,,0,Czas na Herbatę,czas-na-herbate,no,,
supermarket,cotenature-94a8a9,Côté Nature,Côté Nature,Q90016283,fx,,0,Côté Nature,cote-nature,only_png,,cote-nature.png
supermarket,dandwfreshmarket-dde59d,D&W Fresh Market,D&W Fresh Market,Q5203035,us,,0,D&W Fresh Market,d-w-fresh-market,only_png,,d-w-fresh-market.png
supermarket,dagostino-dde59d,D'Agostino,D'Agostino,Q20656844,us,,0,D'Agostino,dagostino,only_png,,dagostino.png
supermarket,d1-271a34,D1,D1,Q43403418,co,,0,D1,d1,no,,
supermarket,daglibrugsen-072052,Dagli'Brugsen,Dagli'Brugsen,Q12307017,dk,,1,Dagli'Brugsen,daglibrugsen,no,,
supermarket,dagwinkel-5811b5,Dagwinkel,Dagwinkel,Q2433706,nl,,0,Dagwinkel,dagwinkel,no,,
convenience,dailyyamazaki-652b3e,デイリーヤマザキ,Daily YAMAZAKI,Q5209392,jp,,1,Daily YAMAZAKI,daily-yamazaki,no,,
variety_store,daiso-80c116,Daiso,Daiso,Q866991,ca|my,,0,Daiso,daiso,no,,
variety_store,daisojapan-3b78c0,Daiso Japan,Daiso,Q866991,au|us,,1,Daiso,daiso,no,,
convenience,daisymart-eea72f,Daisy Mart,Daisy Mart,Q61994934,ca,,0,Daisy Mart,daisy-mart,only_png,,daisy-mart.png
convenience,dali-fb2210,Dali,Dali,Q119854219,ph,,0,Dali,dali,only_png,,dali.png
bakery,dallmeyersbackhus-3f448e,Dallmeyers Backhus,Dallmeyers Backhus,Q107719238,de,,0,Dallmeyers Backhus,dallmeyers-backhus,no,,
tea,dammannfreres-14c0a7,Dammann Frères,Dammann Frères,Q3012927,fr|it|ja|kr|lu,,0,Dammann Frères,dammann-freres,no,,
alcohol,danmurphys-cb3c62,Dan Murphy's,Dan Murphy's,Q5214075,au,,0,Dan Murphy's,dan-murphys,no,,
convenience,darimart-f1e40b,Dari Mart,Dari Mart,Q5222675,us,,0,Dari Mart,dari-mart,only_png,,dari-mart.png
wine,darwinapl-7f7747,Darwina.pl,Darwina.pl,Q113308102,pl,,0,Darwina.pl,darwina-pl,no,,
pet,dasfutterhaus-f5d6d7,Das Futterhaus,Das Futterhaus,Q1167914,at|de,,1,Das Futterhaus,das-futterhaus,no,,
convenience,dashin-f1e40b,Dash In,Dash In,Q108809024,us,,0,Dash In,dash-in,only_png,,dash-in.png
bakery,datbackhus-3f448e,Dat Backhus,Dat Backhus,Q62093175,de,,0,Dat Backhus,dat-backhus,no,,
tea,davidstea-12e931,DavidsTea,DavidsTea,Q3019129,ca|us,,0,DavidsTea,davidstea,only_svg,davidstea.svg,
convenience,daybyday-f6dc0a,day by day,day by day,Q48748765,fx,,0,day by day,day-by-day,only_png,,day-by-day.png
convenience,daytoday-31620e,Day-Today,Day-Today,Q121435331,gb|ie,,0,Day-Today,day-today,only_png,,day-today.png
convenience,daytodayexpress-232829,Day-Today Express,Day-Today,Q121435331,gb,,0,Day-Today,day-today,only_png,,day-today.png
convenience,daybreak-cb4625,Daybreak,Daybreak,Q112901144,ie,,0,Daybreak,daybreak,only_png,,daybreak.png
bakery,deechtebakker-8eaf6b,De Echte Bakker,De Echte Bakker,Q16920716,nl,,0,De Echte Bakker,de-echte-bakker,no,,
chocolate,deneuville-b0e734,De Neuville,De Neuville,Q106353063,fx,,0,De Neuville,de-neuville,no,,
variety_store,dealz-01f38b,Dealz,Dealz,Q16942585,es|ie|pl,,0,Dealz,dealz,only_png,,dealz.png
supermarket,deco-0cb133,Decò,Decò,Q65127915,it,,0,Decò,deco,only_png,,deco.png
supermarket,dekamarkt-5811b5,DekaMarkt,DekaMarkt,Q2489350,nl,,0,DekaMarkt,dekamarkt,both,dekamarkt.svg,dekamarkt.png
supermarket,delhaize-f276cb,Delhaize,Delhaize,Q1184173,be|lu,,0,Delhaize,delhaize,only_png,,delhaize.png
supermarket,proxydelhaize-f276cb,Proxy Delhaize,Delhaize,Q1184173,be|lu,,0,Delhaize,delhaize,only_png,,delhaize.png
convenience,shopandgo-7c93c4,Delhaize Shop & Go,Delhaize,Q1184173,be|lu,,3,Delhaize,delhaize,only_png,,delhaize.png
supermarket,delicia-7ef8c9,デリシア,Delicia,Q11283878,jp-20.geojson,,0,Delicia,delicia,only_svg,delicia.svg,
pastry,delikana-97942d,Delikana,Delikana,Q130334843,cz|sk,,0,Delikana,delikana,no,,
deli,delikateso-41e72f,Delikateso,Delikateso,Q134271304,sk,,0,Delikateso,delikateso,no,,
convenience,delikatesycentrum-95f41b,Delikatesy Centrum,Delikatesy Centrum,Q11693824,pl,,0,Delikatesy Centrum,delikatesy-centrum,no,,
supermarket,delikatesycentrum-9e6a6c,Delikatesy Centrum,Delikatesy Centrum,Q11693824,pl,,2,Delikatesy Centrum,delikatesy-centrum,no,,
convenience,delikatesypremium-95f41b,Delikatesy Premium,Delikatesy Premium,Q120147483,pl,,0,Delikatesy Premium,delikatesy-premium,only_png,,delikatesy-premium.png
convenience,delikatesysezam-95f41b,Delikatesy Sezam,Delikatesy Sezam,Q120173828,pl,,0,Delikatesy Sezam,delikatesy-sezam,no,,
convenience,deltasonic-e0f572,Delta Sonic,Delta Sonic,Q126914775,us-il.geojson|us-ny.geojson|us-pa.geojson,,1,Delta Sonic,delta-sonic,only_png,,delta-sonic.png
supermarket,denner-704edb,Denner,Denner,Q379911,ch|li,,0,Denner,denner,only_png,,denner.png
convenience,dennerexpress-07a460,Denner Express,Denner,Q379911,ch,,0,Denner,denner,only_png,,denner.png
supermarket,dennsbiomarkt-6367d0,Denns BioMarkt,Denns BioMarkt,Q48883773,at|de,,0,Denns BioMarkt,denns-biomarkt,only_svg,denns-biomarkt.svg,
bakery,derbeck-7367b5,Der Beck,Der Beck,Q1192443,de-by.geojson,,0,Der Beck,der-beck,no,,
bakery,derbackereifler-3aeac5,Der Bäcker Eifler,Der Bäcker Eifler,Q130551734,de-he.geojson,,0,Der Bäcker Eifler,der-backer-eifler,no,,
bakery,derbackerruetz-2e087b,Der Bäcker Ruetz,Der Bäcker Ruetz,Q108266694,at,,1,Der Bäcker Ruetz,der-backer-ruetz,no,,
bakery,dermann-2e087b,Der Mann,Der Mann,Q74356398,at,,0,Der Mann,der-mann,no,,
supermarket,despar-0cb133,Despar,Despar,Q131344742,it,,0,Despar,despar,only_png,,despar.png
convenience,despar-271792,Despar,Despar,Q131344742,hu|it,,0,Despar,despar,only_png,,despar.png
supermarket,despensafamiliar-4ef027,Despensa Familiar,Despensa Familiar,Q61994849,gt|hn|sv,,0,Despensa Familiar,despensa-familiar,no,,
seafood,deutschesee-955e0e,Deutsche See,Deutsche See,Q1204140,de,,0,Deutsche See,deutsche-see,no,,
supermarket,dia-675159,Dia,Dia,Q925132,ar|br|es,,3,Dia,dia,both,dia.svg,dia.png
convenience,diaandgo-dd9aae,Dia & Go,Dia & Go,Q925132,es,,0,Dia & Go,dia-go,both,dia-go.svg,dia-go.png
supermarket,diamarket-986a24,Dia Market,Dia Market,Q925132,001,,0,Dia Market,dia-market,both,dia-market.svg,dia-market.png
supermarket,dialprix-0513f1,Dialprix,Dialprix,Q129985291,es,,0,Dialprix,dialprix,only_png,,dialprix.png
bakery,dielohners-3f448e,Die Lohner's,Die Lohner's,Q105688772,de,,1,Die Lohner's,die-lohners,no,,
supermarket,dierbergs-dde59d,Dierbergs,Dierbergs,Q5274978,us,,0,Dierbergs,dierbergs,no,,
supermarket,dillons-dde59d,Dillons,Dillons,Q5276954,us,,0,Dillons,dillons,only_png,,dillons.png
supermarket,dino-9e6a6c,Dino,Dino,Q11694239,pl,,0,Dino,dino,only_png,,dino.png
convenience,diona-5b00ff,Diona,Diona,Q125761272,hr,,0,Diona,diona,only_svg,diona.svg,
alcohol,dirckiii-e09280,Dirck III,Dirck III,Q109188079,nl,,1,Dirck III,dirck-iii,no,,
convenience,direkten-f5adeb,Direkten,Direkten,Q105693281,se,,0,Direkten,direkten,no,,
supermarket,dirk-5811b5,Dirk,Dirk,Q17502722,nl,,0,Dirk,dirk,both,dirk.svg,dirk.png
variety_store,dirtcheap-c85191,Dirt Cheap,Dirt Cheap,Q123013019,us,,0,Dirt Cheap,dirt-cheap,no,,
supermarket,disco-0d2b84,Disco (Argentina),Disco,Q6135978,ar,,0,Disco,disco,only_png,,disco.png
supermarket,disco-f37fd6,Disco (Uruguay),Disco,Q16636819,uy,,0,Disco,disco,only_png,,disco.png
supermarket,diska-0a839e,diska,diska,Q62390177,de,,0,diska,diska,only_png,,diska.png
bakery,ditsch-3f448e,Ditsch,Ditsch,Q911573,de,,1,Ditsch,ditsch,no,,
supermarket,dmart-9ef8f9,DMart,DMart,Q5203271,in,,0,DMart,dmart,only_png,,dmart.png
pet,dogman-f4a9b7,Dogman,Dogman,Q132752615,fi|no|se,,1,Dogman,dogman,only_png,,dogman.png
variety_store,dgx-c85191,DGX,Dollar General,Q145168,us,,1,Dollar General,dollar-general,both,dollar-general.svg,dollar-general.png
variety_store,dollargeneral-c85191,Dollar General,Dollar General,Q145168,us,,0,Dollar General,dollar-general,both,dollar-general.svg,dollar-general.png
supermarket,dollargeneralmarket-dde59d,Dollar General Market,Dollar General,Q145168,us,,1,Dollar General,dollar-general,both,dollar-general.svg,dollar-general.png
variety_store,dollartree-44cca6,Dollar Tree,Dollar Tree,Q5289230,ca|us,,0,Dollar Tree,dollar-tree,only_png,,dollar-tree.png
variety_store,dollarama-05b191,Dollarama,Dollarama,Q3033947,au|ca,,0,Dollarama,dollarama,no,,
variety_store,dollarcity-8f2567,Dollarcity,Dollarcity,Q107120814,co|gt|pe|sv,,0,Dollarcity,dollarcity,no,,
variety_store,dollarstore-aa81b7,Dollarstore,Dollarstore,Q10475598,se,,0,Dollarstore,dollarstore,only_png,,dollarstore.png
variety_store,dondondonki-717fd7,Don Don Donki,Don Don Donki,Q1185381,hk|my|sg|th|tw|us-hi,,0,Don Don Donki,don-don-donki,no,,
supermarket,dornseifersfrischemarkt-0a839e,Dornseifers Frischemarkt,Dornseifer,Q112254717,de,,0,Dornseifer,dornseifer,only_png,,dornseifer.png
convenience,dorodaily-1aaf3e,Doro Daily,Doro Supermercati,Q137801479,it,,0,Doro Supermercati,doro-supermercati,only_png,,doro-supermercati.png
supermarket,dorosupermercati-0cb133,Doro Supermercati,Doro Supermercati,Q136464598,it,,0,Doro Supermercati,doro-supermercati,only_png,,doro-supermercati.png
convenience,douka-1c33c5,Douka,Douka,,yt,,0,Douka,douka,no,,
supermarket,dpiu-0cb133,Dpiù,Dpiù,Q3709955,it,,0,Dpiù,dpiu,only_png,,dpiu.png
supermarket,drakes-c254c9,Drakes,Drakes,Q48988077,au,,0,Drakes,drakes,only_png,,drakes.png
frozen_food,dreamdinners-98e558,Dream Dinners,Dream Dinners,Q5306355,us,,0,Dream Dinners,dream-dinners,no,,
bakery,dreissig-3f448e,Dreißig,Dreißig,Q1018923,de,,1,Dreißig,dreiig,no,,
convenience,drivecafe-3015fb,DriveCafe,DriveCafe,,rs,,0,DriveCafe,drivecafe,no,,
bakery,dubielak-839c38,Dubielak,Dubielak,Q138197645,pl,,0,Dubielak,dubielak,no,,
butcher,dubimex-436f1d,Dubimex,Dubimex,Q138197720,pl,,0,Dubimex,dubimex,no,,
convenience,duchess-439b0d,Duchess,Duchess,Q111698565,us-oh.geojson|us-wv.geojson,,0,Duchess,duchess,no,,
convenience,duckthru-977a71,Duck Thru,Duck Thru,Q139631383,us-nc.geojson|us-va.geojson,,0,Duck Thru,duck-thru,only_png,,duck-thru.png
chocolate,dufouxchocolats-b0e734,Dufoux Chocolats,Dufoux Chocolats,Q115796729,fx,,0,Dufoux Chocolats,dufoux-chocolats,no,,
convenience,duka-1ca326,Duka,Duka,,tz,,0,Duka,duka,only_png,,duka.png
alcohol,duncans-cb3c62,Duncan's,Duncan's,Q119104909,au,,0,Duncan's,duncans,no,,
supermarket,dunnesstores-b7087f,Dunnes Stores,Dunnes Stores,Q1266203,gb|ie,,0,Dunnes Stores,dunnes-stores,both,dunnes-stores.svg,dunnes-stores.png
alcohol,duzyben-48eb32,Duży Ben,Duży Ben,Q110428071,pl,,0,Duży Ben,duzy-ben,no,,
bakery,delifrance-4f9c7f,Délifrance,Délifrance,Q5320229,001,,0,Délifrance,delifrance,no,,
bakery,dobbe-3f448e,Döbbe,Döbbe,Q107406829,de,,0,Döbbe,dobbe,no,,
supermarket,emart-12b833,E-Mart,E-Mart,Q490371,kr,,0,E-Mart,e-mart,only_png,,e-mart.png
supermarket,eleclerc-111b05,E.Leclerc,E.Leclerc,Q1273376,es|fr|pl|pt,,0,E.Leclerc,e-leclerc,both,e-leclerc.svg,e-leclerc.png
supermarket,eleclercexpress-c16b1c,E.Leclerc Express,E.Leclerc Express,Q1273376,fr,,0,E.Leclerc Express,e-leclerc-express,both,e-leclerc-express.svg,e-leclerc-express.png
pet,earthwisepet-81a22d,EarthWise Pet,EarthWise Pet,Q108193626,us,,0,EarthWise Pet,earthwise-pet,no,,
supermarket,eastofenglandcoop-a8278b,East of England CO-OP,East of England CO-OP,Q5329759,gb,,0,East of England CO-OP,east-of-england-co-op,only_png,,east-of-england-co-op.png
supermarket,eataly-986a24,Eataly,Eataly,Q3046645,001,,0,Eataly,eataly,only_png,,eataly.png
supermarket,eblnaturkost-f97a5b,ebl-Naturkost,ebl-Naturkost,Q22691722,ch|de,,0,ebl-Naturkost,ebl-naturkost,only_png,,ebl-naturkost.png
variety_store,ecoshop-14cb81,eco-shop,eco-shop,Q95721269,my,,0,eco-shop,eco-shop,no,,
supermarket,econofoods-f9f648,Econo Foods,Econo Foods,Q130406968,za,,0,Econo Foods,econo-foods,only_png,,econo-foods.png
supermarket,economycash-0513f1,Economy Cash,Economy Cash,Q114915795,es,,0,Economy Cash,economy-cash,no,,
supermarket,econsave-80e9ee,Econsave,Econsave,Q61776608,my,,0,Econsave,econsave,no,,
supermarket,ecenter-0a839e,E-Center,Edeka,Q701755,de,,0,Edeka,edeka,both,edeka.svg,edeka.png
supermarket,edeka-0a839e,Edeka,Edeka,Q701755,de,,2,Edeka,edeka,both,edeka.svg,edeka.png
supermarket,edekaaktivmarkt-0a839e,Edeka aktiv markt,Edeka,Q701755,de,,0,Edeka,edeka,both,edeka.svg,edeka.png
wholesale,edekaccgrossmarkt-ad6aeb,EDEKA C+C Großmarkt,EDEKA,Q701755,de,,0,EDEKA,edeka,both,edeka.svg,edeka.png
wholesale,edekafoodservice-ad6aeb,EDEKA Foodservice,EDEKA,Q701755,de,,0,EDEKA,edeka,both,edeka.svg,edeka.png
beverages,edekagetrankemarkt-c4cb62,EDEKA Getränkemarkt,EDEKA,Q57450576,de,,0,EDEKA,edeka,both,edeka.svg,edeka.png
supermarket,edekaxpress-0a839e,Edeka xpress,Edeka,Q701755,de,,0,Edeka,edeka,both,edeka.svg,edeka.png
supermarket,nahundgut-0a839e,nah und gut,Edeka,Q701755,de,,1,Edeka,edeka,both,edeka.svg,edeka.png
supermarket,scheckincenter-0a839e,Scheck-In Center,Edeka,Q701755,de,,0,Edeka,edeka,both,edeka.svg,edeka.png
convenience,egaustralia-0b0ae9,EG Australia,EG Australia,Q5023980,au,,1,EG Australia,eg-australia,only_png,,eg-australia.png
supermarket,ekom-0cb133,Ekom,Ekom,Q62073442,it,,0,Ekom,ekom,only_png,,ekom.png
convenience,ekomini-62eaab,Ekomini,Ekomini,Q115534014,tr,,0,Ekomini,ekomini,no,,
supermarket,ekoplaza-1cf55d,Ekoplaza,Ekoplaza,Q47017915,be|nl,,0,Ekoplaza,ekoplaza,both,ekoplaza.svg,ekoplaza.png
supermarket,eljamon-0513f1,El Jamón,El Jamón,Q6135982,es,,0,El Jamón,el-jamon,only_png,,el-jamon.png
supermarket,elsuper-b82f18,El Super,El Super,Q124810916,us-az.geojson|us-ca.geojson|us-nm.geojson|us-nv.geojson|us-tx.geojson,,0,El Super,el-super,only_png,,el-super.png
frozen_food,elikatniproducts-b89636,Елікатні радощі життя!,Elikatni Products,Q123848582,ua,,3,Elikatni Products,elikatni-products,no,,
supermarket,elli-0a839e,Elli,Elli,Q701755,de,,1,Elli,elli,only_png,,elli.png
convenience,elvi-401681,Elvi,Elvi,Q20560513,lv,,0,Elvi,elvi,only_png,,elvi.png
supermarket,elvi-858077,Elvi,Elvi,Q20560513,lv,,0,Elvi,elvi,only_png,,elvi.png
bakery,emilreimann-3f448e,Emil Reimann,Emil Reimann,Q15110332,de,,2,Emil Reimann,emil-reimann,no,,
supermarket,emisfero-0cb133,Emisfero,Emisfero,Q136461236,it,,0,Emisfero,emisfero,only_png,,emisfero.png
convenience,enishop-a98884,Eni Shop,Eni Shop,Q565594,at|ch|cy|de|es|fx|it,,0,Eni Shop,eni-shop,both,eni-shop.svg,eni-shop.png
convenience,enmarket-f1e40b,Enmarket,Enmarket,Q113207779,us,,0,Enmarket,enmarket,only_png,,enmarket.png
supermarket,erewhon-097dbf,Erewhon,Erewhon,Q105628552,us-ca.geojson,,0,Erewhon,erewhon,only_png,,erewhon.png
bakery,erickayser-731a34,Eric Kayser,Eric Kayser,Q99231745,fr,,3,Eric Kayser,eric-kayser,no,,
supermarket,eroski-9c34f5,Eroski,Eroski,Q1361349,es|gi,,1,Eroski,eroski,both,eroski.svg,eroski.png
supermarket,eroskicity-0513f1,Eroski City,Eroski,Q1361349,es,,0,Eroski,eroski,both,eroski.svg,eroski.png
bakery,ersterwiener-3f448e,Erster Wiener,Erster Wiener,Q15854357,de,,0,Erster Wiener,erster-wiener,no,,
supermarket,esselunga-0cb133,Esselunga,Esselunga,Q1059636,it,,0,Esselunga,esselunga,only_png,,esselunga.png
convenience,esso-4d6b4b,Esso,Esso,Q867662,001,,0,Esso,esso,both,esso.svg,esso.png
convenience,essosnackandshop-60c7fe,Esso Snack & Shop,Esso,Q867662,de,,0,Esso,esso,both,esso.svg,esso.png
supermarket,etsan-1eef1d,ETSAN,ETSAN,Q25916921,at,,0,ETSAN,etsan,only_png,,etsan.png
herbalist,euyansang-7be159,Eu Yan Sang,Eu Yan Sang,Q4207246,au|ca|my|sg|us,,0,Eu Yan Sang,eu-yan-sang,no,,
convenience,eurosklep-95f41b,Euro Sklep,Euro Sklep,Q11702591,pl,,0,Euro Sklep,euro-sklep,only_png,,euro-sklep.png
supermarket,eurosklep-9e6a6c,Euro Sklep,Euro Sklep,Q11702591,pl,,0,Euro Sklep,euro-sklep,only_png,,euro-sklep.png
variety_store,eurogiant-d3831c,EuroGiant,EuroGiant,Q113197596,ie,,0,EuroGiant,eurogiant,no,,
variety_store,euroshop-9f9d31,EuroShop,EuroShop,Q15846763,de,,0,EuroShop,euroshop,no,,
supermarket,eurospar-4b5e11,Eurospar,Eurospar,Q12309283,150,,0,Eurospar,eurospar,only_svg,eurospar.svg,
supermarket,eurospin-8a5880,EuroSpin,EuroSpin,Q1374674,hr|it|mt|si|sr,,1,EuroSpin,eurospin,only_png,,eurospin.png
supermarket,ever-49e134,Ever,Ever,Q120684300,ph,,1,Ever,ever,only_png,,ever.png
health_food,evergreenhealthfoods-a6966d,Evergreen Healthfoods,Evergreen Healthfoods,Q118139610,ie,,0,Evergreen Healthfoods,evergreen-healthfoods,no,,
convenience,expressmarket-64a6c9,Express Market (Lietuva),Express Market,,lt,,0,Express Market,express-market,no,,
convenience,expressmarket-edef5f,Express Market (Ελλάδα),Express Market,,gr,,0,Express Market,express-market,no,,
supermarket,extra-ed9dd5,Extra,Extra,Q11964085,no,,1,Extra,extra,only_svg,extra.svg,
convenience,extramile-f1e40b,ExtraMile,ExtraMile,Q64224605,us,,0,ExtraMile,extramile,only_png,,extramile.png
convenience,ezymart-0b0ae9,EzyMart,EzyMart,Q117220554,au,,0,EzyMart,ezymart,only_png,,ezymart.png
bakery,fabrique-38a410,Fabrique,Fabrique,Q110533127,gb-lon.geojson|se|us-ny-new_york_city.geojson,,1,Fabrique,fabrique,no,,
pet,fajnzoo-381fdf,Fajn Zoo,Fajn Zoo,Q132818404,cz,,0,Fajn Zoo,fajn-zoo,no,,
supermarket,fakta-0a839e,fakta,fakta,Q123942180,de,,0,fakta,fakta,only_png,,fakta.png
supermarket,famila-5d2816,famila,famila,Q1395108,de|it,,0,famila,famila,both,famila.svg,famila.png
supermarket,familia-0513f1,Familia,Familia,,es,,0,Familia,familia,no,,
bakery,familijna-839c38,Familijna,Familijna,Q133596647,pl,,0,Familijna,familijna,no,,
supermarket,familycash-774072,Family Cash,Family Cash,Q118557754,ad|es,,0,Family Cash,family-cash,only_png,,family-cash.png
variety_store,familydollar-c85191,Family Dollar,Family Dollar,Q5433101,us,,0,Family Dollar,family-dollar,no,,
convenience,familyexpress-16b990,Family Express,Family Express,Q85760458,us-in.geojson,,1,Family Express,family-express,only_png,,family-express.png
supermarket,familyfare-dde59d,Family Fare,Family Fare,Q19868045,us,,0,Family Fare,family-fare,only_png,,family-fare.png
supermarket,familymarket-cb8836,Family Market,Family Market,,md,,0,Family Market,family-market,no,,
convenience,familyshopper-232829,Family Shopper,Family Shopper,Q122731426,gb,,1,Family Shopper,family-shopper,no,,
convenience,familymart-095323,FamilyMart,FamilyMart,Q11247682,id|my|ph|th|vn,,0,FamilyMart,familymart,only_png,,familymart.png
convenience,familymart-652b3e,ファミリーマート,FamilyMart,Q11247682,jp,,6,FamilyMart,familymart,only_png,,familymart.png
convenience,tomony-652b3e,Tomony,FamilyMart,,jp,,0,FamilyMart,familymart,only_png,,familymart.png
chocolate,fanniemay-0e6ae0,Fannie May,Fannie May,Q5433964,us,,0,Fannie May,fannie-may,no,,
supermarket,fareway-dde59d,Fareway,Fareway,Q5434998,us,,0,Fareway,fareway,both,fareway.svg,fareway.png
supermarket,farmboy-76454b,Farm Boy,Farm Boy,Q5435469,ca,,0,Farm Boy,farm-boy,only_png,,farm-boy.png
convenience,farmstores-f1e40b,Farm Stores,Farm Stores,Q107124124,us,,0,Farm Stores,farm-stores,only_png,,farm-stores.png
convenience,farmfoods-2496a5,FARMFOODS,FARMFOODS,Q116867227,sk,,0,FARMFOODS,farmfoods,only_png,,farmfoods.png
frozen_food,farmfoods-b6d6f9,Farmfoods,Farmfoods,Q5435841,gb,,0,Farmfoods,farmfoods,only_png,,farmfoods.png
convenience,fasmart-f1e40b,Fas Mart,Fas Mart,,us,,0,Fas Mart,fas-mart,no,,
convenience,fastbreak-fa1eb4,Fastbreak,Fastbreak,Q116731804,us-ca.geojson|us-or.geojson,,0,Fastbreak,fastbreak,only_png,,fastbreak.png
convenience,fastraccafe-f1e40b,Fastrac Cafe,Fastrac Cafe,Q117324848,us,,1,Fastrac Cafe,fastrac-cafe,no,,
pet,faunatar-294f56,Faunatar,Faunatar,Q11859415,fi,,0,Faunatar,faunatar,no,,
supermarket,coop-76454b,Co-op (Canada),Federated Co-operatives,Q5440676,ca,,0,Federated Co-operatives,federated-co-operatives,only_png,,federated-co-operatives.png
convenience,coop-eea72f,Co-op (Canada),Federated Co-operatives,Q5440676,ca,,0,Federated Co-operatives,federated-co-operatives,only_png,,federated-co-operatives.png
supermarket,feneberg-6367d0,Feneberg,Feneberg,Q5345378,at|de,,0,Feneberg,feneberg,only_png,,feneberg.png
bakery,fergusonplarresbakehouse-4fc062,Ferguson Plarre's Bakehouse,Ferguson Plarre's Bakehouse,Q5444249,au-vic.geojson,,1,Ferguson Plarre's Bakehouse,ferguson-plarres-bakehouse,no,,
bakery,festivaldespains-09ad2c,Festival des Pains,Festival des Pains,Q3070334,fx,,0,Festival des Pains,festival-des-pains,no,,
supermarket,fiestamart-dde59d,Fiesta Mart,Fiesta Mart,Q5447326,us,,0,Fiesta Mart,fiesta-mart,only_png,,fiesta-mart.png
beverages,fiizdrinks-dd8a79,Fiiz Drinks,Fiiz Drinks,Q124327883,us,,0,Fiiz Drinks,fiiz-drinks,no,,
supermarket,filemarket-5b5772,File Market,File Market,Q112228237,tr,,0,File Market,file-market,only_png,,file-market.png
alcohol,finewineandgoodspirits-76c257,Fine Wine & Good Spirits,Fine Wine & Good Spirits,Q64514776,us-pa.geojson,,0,Fine Wine & Good Spirits,fine-wine-good-spirits,no,,
beverages,finkbeiner-4a45fb,Finkbeiner,Finkbeiner,Q114116029,de-bw.geojson|de-by.geojson,,0,Finkbeiner,finkbeiner,no,,
alcohol,firstchoiceliquor-cb3c62,First Choice Liquor,First Choice Liquor,Q4596269,au,,0,First Choice Liquor,first-choice-liquor,no,,
variety_store,fivebelow-c85191,Five Below,Five Below,Q5455836,us,,0,Five Below,five-below,no,,
tea,fiveoclock-2f47e9,Five o'clock,Five o'clock,Q123049014,pl,,0,Five o'clock,five-oclock,no,,
variety_store,fixprice-b3b517,Fix Price,Fix Price,Q4038791,ae|am|by|kg|kz|lv|mn|ru,,0,Fix Price,fix-price,no,,
butcher,fleischereirichter-4d0b4d,Fleischerei Richter,Fleischerei Richter,Q106823616,de,,0,Fleischerei Richter,fleischerei-richter,no,,
convenience,flyingj-16ec4d,Flying J,Flying J,,ca|us,,0,Flying J,flying-j,only_png,,flying-j.png
variety_store,flyingtigercopenhagen-55ef00,Flying Tiger Copenhagen,Flying Tiger Copenhagen,Q2786319,at|be|ch|cy|cz|de|dk|ee|es|fi|fr|gb|gr|hu|ie|il|is|it|jp|kr|lt|lv|mt|nl|no|pl|pt|se|sk,,2,Flying Tiger Copenhagen,flying-tiger-copenhagen,no,,
butcher,foani-40403c,Foani,Foani,Q60183335,ci,,0,Foani,foani,no,,
supermarket,food4less-f69edf,Food 4 Less,Food 4 Less,Q5465282,us-ca.geojson|us-il.geojson|us-in.geojson,,0,Food 4 Less,food-4-less,only_png,,food-4-less.png
supermarket,foodbasics-986a24,Food Basics,Food Basics,Q5465300,001,,0,Food Basics,food-basics,only_png,,food-basics.png
supermarket,foodcity-48e71b,Food City (Arizona),Food City,Q130253202,us-az.geojson,,0,Food City,food-city,only_png,,food-city.png
supermarket,foodcity-82ed7a,Food City (Southeast USA),Food City,Q16981107,us-al.geojson|us-ga.geojson|us-ky.geojson|us-tn.geojson|us-va.geojson,,0,Food City,food-city,only_png,,food-city.png
supermarket,foodlion-7818a5,Food Lion,Food Lion,Q1435950,es|us,,0,Food Lion,food-lion,only_png,,food-lion.png
supermarket,foodloversmarket-a0d53f,Food Lover's Market,Food Lover's Market,Q65071570,bw|na|za,,0,Food Lover's Market,food-lovers-market,only_png,,food-lovers-market.png
convenience,foodmarket-023e9c,Food Market,Food Market,Q132441274,ua,,1,Food Market,food-market,no,,
convenience,foodplus-232829,Food Plus,Food Plus,Q122829106,gb,,0,Food Plus,food-plus,only_png,,food-plus.png
supermarket,foodland-0c6d0a,FoodLand (Eastern USA),FoodLand,Q5465271,us-foodland_eastern.geojson,,0,FoodLand,foodland,only_png,,foodland.png
supermarket,foodland-34b4ac,Foodland (Hawaii),Foodland,Q5465560,us-hi,,0,Foodland,foodland,only_png,,foodland.png
supermarket,foodland-76454b,Foodland (Canada),Foodland,Q5465554,ca,,0,Foodland,foodland,only_png,,foodland.png
supermarket,foodland-c254c9,Foodland (Australia),Foodland,Q5465555,au,,0,Foodland,foodland,only_png,,foodland.png
supermarket,foodmaxx-dde59d,FoodMaxx,FoodMaxx,Q61894844,us,,0,FoodMaxx,foodmaxx,both,foodmaxx.svg,foodmaxx.png
supermarket,foodsco-097dbf,Foods Co,Foods Co,Q5465282,us-ca.geojson,,0,Foods Co,foods-co,only_png,,foods-co.png
supermarket,foodtown-3ea0d2,Foodtown,Foodtown,Q5465575,us-ct.geojson|us-nj.geojson|us-ny.geojson|us-pa.geojson,,0,Foodtown,foodtown,only_png,,foodtown.png
supermarket,foodworks-c254c9,Foodworks,Foodworks,Q5465579,au,,0,Foodworks,foodworks,only_png,,foodworks.png
butcher,forevers-00a516,Forevers,Forevers,Q65297361,lv,,0,Forevers,forevers,no,,
bakery,fornetti-0c6f37,Fornetti,Fornetti,Q1003020,bg|cz|hr|hu|md|pl|ro|sk|ua,,0,Fornetti,fornetti,no,,
wholesale,fortatacadista-60dbb1,Fort Atacadista,Fort Atacadista,Q48879588,br,,0,Fort Atacadista,fort-atacadista,no,,
supermarket,fortinos-76454b,Fortinos,Fortinos,Q5472662,ca,,0,Fortinos,fortinos,only_png,,fortinos.png
supermarket,foursquare-5dc426,Four Square,Four Square,Q5475558,nz,,1,Four Square,four-square,only_png,,four-square.png
convenience,foursquare-7a43a8,Four Square,Four Square,Q5475558,nz,,1,Four Square,four-square,only_png,,four-square.png
wholesale,fozzy-df0f6a,Fozzy,Fozzy,Q12063200,ua,,1,Fozzy,fozzy,only_svg,fozzy.svg,
supermarket,frac-9e6a6c,FRAC,FRAC,Q18817260,pl,,0,FRAC,frac,both,frac.svg,frac.png
convenience,franprix-bf3eb4,Franprix,Franprix,Q2420096,fr,,0,Franprix,franprix,both,franprix.svg,franprix.png
bakery,franz-03cd91,Franz,Franz,Q7889571,us,,0,Franz,franz,no,,
supermarket,fredmeyer-dde59d,Fred Meyer,Fred Meyer,Q5495932,us,,0,Fred Meyer,fred-meyer,both,fred-meyer.svg,fred-meyer.png
convenience,fresh-2496a5,Fresh,Fresh,Q50737403,sk,,0,Fresh,fresh,only_png,,fresh.png
supermarket,fresh-94a8a9,Fresh,Fresh,Q130214654,fx,,0,Fresh,fresh,only_png,,fresh.png
convenience,freshcorner-f9f0e2,Fresh Corner,Fresh Corner,Q129256375,ba|cz|hr|hu|me|pl|ro|rs|si|sk,,0,Fresh Corner,fresh-corner,only_png,,fresh-corner.png
convenience,freshmart-f572b3,Fresh Mart,Fresh Mart,Q5502984,th,,0,Fresh Mart,fresh-mart,no,,
convenience,freshmini-2496a5,Fresh mini,Fresh mini,Q135944870,sk,,0,Fresh mini,fresh-mini,no,,
butcher,freshoptions-1cf7e4,Fresh Options,Fresh Options,Q120682282,ph,,1,Fresh Options,fresh-options,no,,
supermarket,freshplus-4ccde8,Fresh Plus,Fresh Plus,Q50737403,sk,,1,Fresh Plus,fresh-plus,only_png,,fresh-plus.png
supermarket,freshthyme-dde59d,Fresh Thyme,Fresh Thyme,Q64132791,us,,1,Fresh Thyme,fresh-thyme,only_png,,fresh-thyme.png
supermarket,freshchoice-5dc426,FreshChoice,FreshChoice,Q22271877,nz,,0,FreshChoice,freshchoice,only_png,,freshchoice.png
supermarket,freshco-76454b,FreshCo,FreshCo,Q5502915,ca,,0,FreshCo,freshco,both,freshco.svg,freshco.png
convenience,freshmart-bb8a09,Freshmart,Freshmart,,id,,0,Freshmart,freshmart,only_png,,freshmart.png
convenience,freshstop-75f4be,FreshStop,FreshStop,Q116620734,na|za,,0,FreshStop,freshstop,only_png,,freshstop.png
supermarket,fresko-9b2dfb,Fresko,Fresko,Q123943865,mx,,0,Fresko,fresko,no,,
pet,fressnapf-254367,Fressnapf,Fressnapf,Q875796,at|ch|de|hu|lu|ro,,1,Fressnapf,fressnapf,only_png,,fressnapf.png
convenience,friendlygrocer-0b0ae9,Friendly Grocer,Friendly Grocer,Q24190419,au,,0,Friendly Grocer,friendly-grocer,no,,
beverages,fristo-650acc,Fristo,Fristo,Q1465151,at|de,,1,Fristo,fristo,no,,
supermarket,froiz-d9bffc,Froiz,Froiz,Q17070775,es|pt,,0,Froiz,froiz,only_png,,froiz.png
convenience,froo-597303,Froo,Froo,Q129262066,ro,,0,Froo,froo,no,,
supermarket,frysfoodanddrug-dde59d,Fry's Food and Drug,Fry's Food and Drug,Q5506547,us,,1,Fry's Food and Drug,frys-food-and-drug,no,,
supermarket,frysmarketplace-dde59d,Fry's Marketplace,Fry's Marketplace,Q5506547,us,,1,Fry's Marketplace,frys-marketplace,no,,
beverages,frankygetrankemarkt-c4cb62,Fränky Getränkemarkt,Fränky Getränkemarkt,Q107356988,de,,0,Fränky Getränkemarkt,franky-getrankemarkt,no,,
convenience,full-4c351f,Full,Full,Q126681765,ar,,0,Full,full,only_png,,full.png
supermarket,fusion-745f9c,fusion,fusion,,hk,,1,fusion,fusion,no,,
supermarket,fotex-072052,Føtex,Føtex,Q1480395,dk,,1,Føtex,ftex,no,,
deli,fotexdelikatesse-dcd577,føtex Delikatesse,føtex Delikatesse,Q1480395,dk,,0,føtex Delikatesse,ftex-delikatesse,no,,
butcher,fotexslagter-4aef2d,føtex Slagter,føtex Slagter,Q1480395,dk,,0,føtex Slagter,ftex-slagter,no,,
health_food,gandwgezondheidswinkel-daed2e,G&W GezondheidsWinkel,G&W GezondheidsWinkel,Q122903937,nl,,0,G&W GezondheidsWinkel,g-w-gezondheidswinkel,no,,
supermarket,g20-94a8a9,G20,G20,Q3504731,fx,,0,G20,g20,only_png,,g20.png
supermarket,gadis-0513f1,Gadis,Gadis,Q114398305,es,,0,Gadis,gadis,both,gadis.svg,gadis.png
butcher,gaik-436f1d,Gaik,Gaik,Q132527653,pl,,0,Gaik,gaik,no,,
bakery,gails-00bbe7,GAIL's,GAIL's Bakery,Q110662562,gb-eng,,0,GAIL's Bakery,gails-bakery,no,,
convenience,gala-cb4625,Gala,Gala,Q5517749,ie,,0,Gala,gala,only_png,,gala.png
bakery,galeriawypiekowlubaszka-839c38,Galeria Wypieków Lubaszka,Galeria Wypieków Lubaszka,Q108586693,pl,,2,Galeria Wypieków Lubaszka,galeria-wypiekow-lubaszka,no,,
alcohol,gallandgall-e09280,Gall & Gall,Gall & Gall,Q13639185,nl,,0,Gall & Gall,gall-gall,no,,
convenience,gama-95f41b,Gama,Gama,Q132190604,pl,,0,Gama,gama,only_png,,gama.png
supermarket,gama-f9fd1a,Gama,Gama,,es|pl,,0,Gama,gama,only_png,,gama.png
supermarket,game-910aca,Game,Game,Q126811048,202,,0,Game,game,only_png,,game.png
convenience,gate-243e0e,GATE,GATE,Q5526991,us-fl.geojson|us-ga.geojson|us-nc.geojson|us-sc.geojson,,1,GATE,gate,no,,
convenience,gavranovic-5b00ff,Gavranović,Gavranović,Q137855936,hr,,0,Gavranović,gavranovic,no,,
supermarket,gbarbosa-20f2a8,GBarbosa,GBarbosa,Q10287817,br,,0,GBarbosa,gbarbosa,only_png,,gbarbosa.png
supermarket,gelsons-097dbf,Gelson's,Gelson's,Q16993993,us-ca.geojson,,0,Gelson's,gelsons,no,,
chocolate,gertrudehawkchocolates-0e6ae0,Gertrude Hawk Chocolates,Gertrude Hawk Chocolates,Q5553326,us,,0,Gertrude Hawk Chocolates,gertrude-hawk-chocolates,no,,
convenience,getgo-f1e40b,GetGo,GetGo,Q5553766,us,,0,GetGo,getgo,only_png,,getgo.png
beverages,getrankearena-c4cb62,Getränke Arena,Getränke Arena,Q107116272,de,,0,Getränke Arena,getranke-arena,no,,
beverages,getrankecity-c4cb62,Getränke City,Getränke City,Q101480351,de,,0,Getränke City,getranke-city,no,,
beverages,getrankehoffmann-c4cb62,Getränke Hoffmann,Getränke Hoffmann,Q19284021,de,,1,Getränke Hoffmann,getranke-hoffmann,no,,
beverages,getrankequelle-c4cb62,Getränke Quelle,Getränke Quelle,Q111540507,de,,0,Getränke Quelle,getranke-quelle,no,,
beverages,getrankeland-c4cb62,Getränkeland,Getränkeland,Q62594849,de,,0,Getränkeland,getrankeland,no,,
beverages,getrankewelt-f24eb8,Getränkewelt,Getränkewelt,Q19964998,de,"[6.966,51.66,55]",0,Getränkewelt,getrankewelt,no,,
beverages,getrankewelt-fe99b7,Getränkewelt (HSE),Getränkewelt,Q107370287,"[6.966,51.66,55]",,0,Getränkewelt,getrankewelt,no,,
supermarket,giant-22a674,Giant (Carlisle),Giant,Q5558332,us-pa.geojson,,0,Giant,giant,only_png,,giant.png
supermarket,giant-fc203b,Giant (Landover),Giant,Q5558336,us-dc.geojson|us-de.geojson|us-md.geojson|us-va.geojson,,0,Giant,giant,only_png,,giant.png
supermarket,gianteagle-dca8d8,Giant Eagle,Giant Eagle,Q1522721,us-in.geojson|us-md.geojson|us-oh.geojson|us-pa.geojson|us-wv.geojson,,1,Giant Eagle,giant-eagle,both,giant-eagle.svg,giant-eagle.png
supermarket,gianthypermarket-e1160b,Giant Hypermarket,Giant Hypermarket,Q4217013,id|my|sg|vn,,0,Giant Hypermarket,giant-hypermarket,both,giant-hypermarket.svg,giant-hypermarket.png
variety_store,giantmini-14cb81,Giant Mini,Giant Mini,Q4217013,my,,0,Giant Mini,giant-mini,no,,
variety_store,gifi-eed69a,GiFi,GiFi,Q3105439,ch|es|fr|it,,0,GiFi,gifi,only_png,,gifi.png
wholesale,gigaboks-2d84b8,Gigaboks,Gigaboks,Q125455876,no,,0,Gigaboks,gigaboks,both,gigaboks.svg,gigaboks.png
pastry,gigiscupcakes-64e364,Gigi's Cupcakes,Gigi's Cupcakes,Q128102793,us,,0,Gigi's Cupcakes,gigis-cupcakes,no,,
bakery,gilgens-3f448e,Gilgen's,Gilgen's,Q1524314,de,,2,Gilgen's,gilgens,no,,
pet,globalpetfoods-4f78bb,Global Pet Foods,Global Pet Foods,Q57985699,ca,,0,Global Pet Foods,global-pet-foods,no,,
convenience,globi-95f41b,Globi,Globi,Q11751761,pl,,0,Globi,globi,no,,
supermarket,globus-2d7d3f,Globus,Globus,Q457503,cz|de|ru,,0,Globus,globus,both,globus.svg,globus.png
bakery,glockenbackerei-3f448e,Glocken Bäckerei,Glocken Bäckerei,Q1531851,de,,0,Glocken Bäckerei,glocken-backerei,no,,
nutrition_supplements,gnc-699d49,GNC,GNC,Q4808595,001,,1,GNC,gnc,no,,
supermarket,goasia-0a839e,Go Asia,Go Asia,Q102381911,de,,0,Go Asia,go-asia,only_png,,go-asia.png
convenience,golocal-232829,Go Local,Go Local,Q120634011,gb,,0,Go Local,go-local,only_png,,go-local.png
chocolate,godiva-e47b1f,Godiva,Godiva,Q931084,gb|jp,,0,Godiva,godiva,no,,
bakery,goekenbacken-3f448e,Goeken backen,Goeken backen,Q106823580,de,,0,Goeken backen,goeken-backen,no,,
bakery,goldilocks-a861d6,Goldilocks,Goldilocks,Q5580198,ca|ph|th|us,,0,Goldilocks,goldilocks,no,,
convenience,gomart-07a9fd,GoMart,GoMart,Q5574575,us-ky.geojson|us-oh.geojson|us-va.geojson|us-wv.geojson,,0,GoMart,gomart,only_png,,gomart.png
convenience,gomart-9d5235,GOmart,GOmart,,mx,,0,GOmart,gomart,only_png,,gomart.png
convenience,gomex-3015fb,Gomex,Gomex,Q115570534,rs,,0,Gomex,gomex,only_png,,gomex.png
convenience,good2go-f1e40b,Good 2 Go,Good 2 Go,Q109826132,us,,0,Good 2 Go,good-2-go,no,,
alcohol,goodbeer-345467,Good Beer,Good Beer,Q122413735,ua,,0,Good Beer,good-beer,no,,
supermarket,gordonfoodservicestore-dde59d,Gordon Food Service Store,Gordon Food Service Store,Q134734340,us,,5,Gordon Food Service Store,gordon-food-service-store,only_png,,gordon-food-service-store.png
bakery,goracopolecam-839c38,Gorąco Polecam,Gorąco Polecam,Q113228125,pl,,0,Gorąco Polecam,goraco-polecam,no,,
supermarket,grandfrais-94a8a9,Grand Frais,Grand Frais,Q3114675,fx,,0,Grand Frais,grand-frais,only_png,,grand-frais.png
bakery,granier-0ef3f4,Granier,Granier,Q102311169,es,,0,Granier,granier,no,,
health_food,grapetree-edcb10,Grape Tree,Grape Tree,Q87071497,gb,,0,Grape Tree,grape-tree,no,,
variety_store,greatcanadiandollarstore-f36c63,Great Canadian Dollar Store,Great Canadian Dollar Store,Q17107560,ca,,0,Great Canadian Dollar Store,great-canadian-dollar-store,no,,
bakery,greatharvestbreadcompany-03cd91,Great Harvest Bread Company,Great Harvest Bread Company,Q5599297,us,,0,Great Harvest Bread Company,great-harvest-bread-company,no,,
supermarket,green-a384d0,Green,Green,Q136678235,by,,0,Green,green,no,,
bakery,greenhalghs-680575,Greenhalgh's,Greenhalgh's,Q99939079,gb,,0,Greenhalgh's,greenhalghs,no,,
supermarket,griya-9b33de,Griya,Griya,Q124353081,id,,0,Griya,griya,no,,
supermarket,groceryoutlet-dde59d,Grocery Outlet,Grocery Outlet,Q5609934,us,,0,Grocery Outlet,grocery-outlet,both,grocery-outlet.svg,grocery-outlet.png
bakery,grochola-839c38,Grochola,Grochola,Q133272217,pl,,0,Grochola,grochola,no,,
bakery,gromulski-839c38,Gromulski,Gromulski,Q113308317,pl,,0,Gromulski,gromulski,no,,
wholesale,grosmarketcashandcarry-a8e84b,GrosMarket,GrosMarket,Q136464559,it,,0,GrosMarket,grosmarket,no,,
convenience,groszek-95f41b,Groszek,Groszek,Q9280965,pl,,0,Groszek,groszek,only_png,,groszek.png
supermarket,groszek-9e6a6c,Groszek,Groszek,Q9280965,pl,,0,Groszek,groszek,only_png,,groszek.png
bakery,grzybki-839c38,Grzybki,Grzybki,Q108586331,pl,,1,Grzybki,grzybki,no,,
convenience,gs25-f248a7,GS25,GS25,Q624041,kr|vn,,3,GS25,gs25,only_png,,gs25.png
convenience,gulfexpress-f1e40b,Gulf Express,Gulf Express,Q124073193,us,,0,Gulf Express,gulf-express,no,,
supermarket,gulliver-0cb133,Gulliver,Gulliver,Q110454395,it,,0,Gulliver,gulliver,only_png,,gulliver.png
convenience,gutkauf-60c7fe,Gutkauf,Gutkauf,Q112253146,de,,0,Gutkauf,gutkauf,no,,
butcher,gzella-436f1d,Gzella,Gzella,Q110955605,pl,,0,Gzella,gzella,no,,
supermarket,geant-a2a643,Géant,Géant,Q1380537,ae|dj|eg|ly|tn|uy|ye,,0,Géant,geant,no,,
convenience,geantexpress-a35511,Géant Express,Géant Express,Q137579657,ae|eg|ly,,0,Géant Express,geant-express,no,,
supermarket,hmart-90050a,H Mart,H Mart,Q5636306,ca|gb|us,,0,H Mart,h-mart,both,h-mart.svg,h-mart.png
supermarket,superhmart-dde59d,Super H Mart,H Mart,Q5636306,us,,0,H Mart,h-mart,both,h-mart.svg,h-mart.png
supermarket,heb-078f5a,H-E-B,H-E-B,Q830621,mx|us,,0,H-E-B,h-e-b,only_png,,h-e-b.png
supermarket,hebplus-078f5a,H-E-B plus!,H-E-B plus!,Q830621,mx|us,,0,H-E-B plus!,h-e-b-plus,only_png,,h-e-b-plus.png
convenience,haffners-1aebc2,Haffner's,Haffner's,Q124150984,us-ma.geojson|us-me.geojson|us-nh.geojson,,0,Haffner's,haffners,only_png,,haffners.png
supermarket,haggen-dde59d,Haggen,Haggen,Q5638683,us,,0,Haggen,haggen,both,haggen.svg,haggen.png
supermarket,hakmar-5b5772,Hakmar,Hakmar,Q110454434,tr,,0,Hakmar,hakmar,only_png,,hakmar.png
supermarket,hakmarexpress-5b5772,Hakmar Express,Hakmar Express,Q110454466,tr,,0,Hakmar Express,hakmar-express,only_png,,hakmar-express.png
supermarket,halpahalli-c9c76a,HalpaHalli,HalpaHalli,Q11861256,ee|fi|ru,,0,HalpaHalli,halpahalli,only_png,,halpahalli.png
wholesale,handelshof-ad6aeb,Handelshof,Handelshof,Q1574870,de,,0,Handelshof,handelshof,no,,
convenience,handlarn-f5adeb,Handlar'n,Handlar'n,Q10517161,se,,0,Handlar'n,handlarn,only_png,,handlarn.png
supermarket,hannaford-dde59d,Hannaford,Hannaford,Q5648760,us,,0,Hannaford,hannaford,only_png,,hannaford.png
pet,happypets-84da5c,Happy Pets,Happy Pets,Q131413956,sk,,0,Happy Pets,happy-pets,no,,
supermarket,harps-dde59d,Harps,Harps,Q16994839,us,,0,Harps,harps,no,,
supermarket,harrisfarmmarkets-c254c9,Harris Farm Markets,Harris Market Farms,Q5664888,au,,0,Harris Market Farms,harris-market-farms,only_png,,harris-market-farms.png
supermarket,harristeeter-dde59d,Harris Teeter,Harris Teeter,Q5665067,us,,0,Harris Teeter,harris-teeter,only_png,,harris-teeter.png
convenience,hastymarket-eea72f,Hasty Market,Hasty Market,Q58022603,ca,,0,Hasty Market,hasty-market,only_png,,hasty-market.png
bakery,haubis-2e087b,Haubis,Haubis,,at,,0,Haubis,haubis,no,,
pet,headsupfortails-4d0def,Heads Up for Tails,Heads Up for Tails,Q124374739,in,,0,Heads Up for Tails,heads-up-for-tails,no,,
health_food,healthyplanet-b5c6bb,Healthy Planet,Healthy Planet,Q113001393,ca,,0,Healthy Planet,healthy-planet,only_png,,healthy-planet.png
convenience,hei-6378da,hei,hei,Q1788862,bg|ge|md|ro,,0,hei,hei,only_png,,hei.png
bakery,helbing-3f448e,Helbing,Helbing,Q136006094,de,,3,Helbing,helbing,no,,
supermarket,hemkop-c57afb,Hemköp,Hemköp,Q10521746,se,,0,Hemköp,hemkop,both,hemkop.svg,hemkop.png
alcohol,henrys-a2b828,Henry's,Henry's,Q111017798,nz,,0,Henry's,henrys,no,,
nutrition_supplements,hercsnutrition-be7a88,HERC'S Nutrition,HERC'S Nutrition,Q110957646,ca,,0,HERC'S Nutrition,hercs-nutrition,no,,
supermarket,herkulesecenter-0a839e,HERKULES Ecenter,HERKULES Ecenter,Q701755,de,,0,HERKULES Ecenter,herkules-ecenter,only_png,,herkules-ecenter.png
supermarket,herosupermarket-9b33de,Hero Supermarket,Hero Supermarket,Q12485604,id,,0,Hero Supermarket,hero-supermarket,only_svg,hero-supermarket.svg,
supermarket,heronfoods-a8278b,Heron Foods,Heron Foods,Q5743472,gb,,0,Heron Foods,heron-foods,both,heron-foods.svg,heron-foods.png
bakery,hert-839c38,Hert,Hert,Q128931723,pl,,0,Hert,hert,no,,
bakery,hinnerbacker-3f448e,Hinnerbäcker,Hinnerbäcker,Q107985183,de,,0,Hinnerbäcker,hinnerbacker,no,,
supermarket,hiperber-0513f1,Hiperber,Hiperber,Q5898257,es,,0,Hiperber,hiperber,only_png,,hiperber.png
supermarket,hipercor-0513f1,Hipercor,Hipercor,Q191574,es,,0,Hipercor,hipercor,both,hipercor.svg,hipercor.png
supermarket,hiperdino-0513f1,HiperDino,HiperDino,Q105955292,es,,0,HiperDino,hiperdino,only_png,,hiperdino.png
convenience,hiperdinoexpress-dd9aae,HiperDino Express,HiperDino Express,Q105955317,es,,0,HiperDino Express,hiperdino-express,only_png,,hiperdino-express.png
supermarket,hipermaxi-cbfbb4,Hipermaxi,Hipermaxi,Q81968262,bo,,0,Hipermaxi,hipermaxi,only_png,,hipermaxi.png
supermarket,hit-0a839e,HIT,HIT,Q1548713,de,,1,HIT,hit,only_png,,hit.png
supermarket,hitmax-56b425,HitMax,HitMax,Q114053568,bg,,0,HitMax,hitmax,no,,
supermarket,hmarket-3f7afe,Hmarket,Hmarket,Q119994958,be|fr,,0,Hmarket,hmarket,only_png,,hmarket.png
supermarket,hofer-83285c,Hofer,Hofer,Q15815751,at|si,,1,Hofer,hofer,both,hofer.svg,hofer.png
pastry,hoffmann-8e72cc,Hoffmann,Hoffmann,Q98770209,lu,,1,Hoffmann,hoffmann,no,,
bakery,hofpfisterei-3f448e,Hofpfisterei,Hofpfisterei,Q1623217,de,,0,Hofpfisterei,hofpfisterei,no,,
beverages,holab-c4cb62,Hol'ab,Hol'ab,Q57557270,de,,0,Hol'ab,holab,no,,
convenience,holiday-f1e40b,Holiday,Holiday,Q5880490,us,,0,Holiday,holiday,only_png,,holiday.png
health_food,hollandandbarrett-802102,Holland & Barrett,Holland & Barrett,Q5880870,be|gb|ie|nl,,0,Holland & Barrett,holland-barrett,only_png,,holland-barrett.png
bakery,hollandbakery-a78b8f,Holland Bakery,Holland Bakery,Q19726345,id,,0,Holland Bakery,holland-bakery,no,,
bakery,hollywoodbakery-80e21a,Hollywood Bakery,Hollywood Bakery,Q118464724,nz,,0,Hollywood Bakery,hollywood-bakery,no,,
variety_store,homebargains-622078,Home Bargains,Home Bargains,Q5888229,gb,,0,Home Bargains,home-bargains,only_png,,home-bargains.png
supermarket,hoogvliet-5811b5,Hoogvliet,Hoogvliet,Q2770647,nl,,0,Hoogvliet,hoogvliet,only_png,,hoogvliet.png
alcohol,hophey-345467,Hop Hey,Hop Hey,Q104829481,ua,,2,Hop Hey,hop-hey,no,,
greengrocer,hopcoms-b8ab5c,HOPCOMS,HOPCOMS,Q22908959,in,,0,HOPCOMS,hopcoms,no,,
bakery,hosselmann-3f448e,Hosselmann,Hosselmann,Q107203160,de,,1,Hosselmann,hosselmann,no,,
supermarket,hruska-8e6809,Hruška,Hruška,Q58196374,cz,,0,Hruška,hruska,only_png,,hruska.png
convenience,hruska-a7773e,Hruška,Hruška,Q58196374,cz,,0,Hruška,hruska,only_png,,hruska.png
convenience,hucksfoodandfuel-f1e40b,Huck's Food & Fuel,Huck's Food & Fuel,Q56276328,us,,0,Huck's Food & Fuel,hucks-food-fuel,no,,
convenience,hudson-16ec4d,Hudson,Hudson,Q111534515,ca|us,,0,Hudson,hudson,no,,
convenience,hursts-232829,Hursts,Hursts,Q80975681,gb,,0,Hursts,hursts,no,,
convenience,husky-eea72f,Husky,Husky,Q702049,ca,,0,Husky,husky,only_png,,husky.png
supermarket,hyvee-dde59d,Hy-Vee,Hy-Vee,Q1639719,us,,0,Hy-Vee,hy-vee,both,hy-vee.svg,hy-vee.png
supermarket,hyperu-c16b1c,Hyper U,Hyper U,Q2529029,fr,,0,Hyper U,hyper-u,only_svg,hyper-u.svg,
supermarket,hypercacher-94a8a9,Hypercacher,Hypercacher,Q18746214,fx,,0,Hypercacher,hypercacher,only_png,,hypercacher.png
beverages,horl-c4cb62,Hörl,Hörl,Q110258331,de,,0,Hörl,horl,no,,
chocolate,imfrellsen-9675fe,I.M. Frellsen,I.M. Frellsen,Q12342297,dk,,0,I.M. Frellsen,i-m-frellsen,no,,
convenience,iberdoex-dd9aae,Iberdoex,Iberdoex,Q25689041,es,,0,Iberdoex,iberdoex,only_png,,iberdoex.png
supermarket,icnorte-cbfbb4,IC Norte,IC Norte,Q81967653,bo,,0,IC Norte,ic-norte,only_png,,ic-norte.png
supermarket,icakvantum-c57afb,ICA Kvantum,ICA Kvantum,Q1663776,se,,0,ICA Kvantum,ica-kvantum,both,ica-kvantum.svg,ica-kvantum.png
supermarket,icanara-c57afb,ICA Nära,ICA Nära,Q1663776,se,,0,ICA Nära,ica-nara,both,ica-nara.svg,ica-nara.png
supermarket,icasupermarket-c57afb,ICA Supermarket,ICA Supermarket,Q1663776,se,,0,ICA Supermarket,ica-supermarket,both,ica-supermarket.svg,ica-supermarket.png
frozen_food,iceland-0c2cb7,Iceland,Iceland,Q721810,cz|gb|ie,,1,Iceland,iceland,only_png,,iceland.png
supermarket,idea-7f1f6d,IDEA,IDEA,Q23461622,me|rs,,0,IDEA,idea,both,idea.svg,idea.png
convenience,idea-8f21d6,IDEA,IDEA,Q23461622,me|rs,,0,IDEA,idea,both,idea.svg,idea.png
convenience,ideaorganic-3015fb,IDEA Organic,IDEA Organic,Q114670320,rs,,0,IDEA Organic,idea-organic,only_png,,idea-organic.png
supermarket,ideasuper-7f1f6d,IDEA Super,IDEA Super,Q114669350,me|rs,,0,IDEA Super,idea-super,no,,
supermarket,idealfoodbasket-dde59d,Ideal Food Basket,Ideal Food Basket,Q111908729,us,,0,Ideal Food Basket,ideal-food-basket,only_png,,ideal-food-basket.png
convenience,iga-0b0ae9,IGA (Australia),IGA,Q5970945,au,,0,IGA,iga,both,iga.svg,iga.png
supermarket,iga-166dbe,IGA,IGA,Q3146662,ca|us,,1,IGA,iga,both,iga.svg,iga.png
supermarket,iga-c254c9,IGA (Australia),IGA,Q5970945,au,,0,IGA,iga,both,iga.svg,iga.png
bakery,ihle-3f448e,Ihle,Ihle,Q1626371,de,,3,Ihle,ihle,no,,
bakery,ihrlandbacker-3f448e,Ihr Landbäcker,Ihr Landbäcker,Q111022612,de,,0,Ihr Landbäcker,ihr-landbacker,no,,
convenience,ikeaswedishfoodmarket-e66215,IKEA Swedish Food Market,IKEA,Q54078,au|bh|ca|cz|de|es|fi|fr|gb|hr|hu|ie|it|jo|kr|kw|ma|mx|my|no|nz|ph|pl|pt|qa|sa|sg|si|sk,,0,IKEA,ikea,both,ikea.svg,ikea.png
convenience,iki-64a6c9,IKI,IKI,Q1653981,lt,,0,IKI,iki,no,,
supermarket,iki-dfbc25,IKI,IKI,Q1653981,lt,,0,IKI,iki,no,,
bakery,ilfornaio-f9fe3a,Il Fornaio,Il Fornaio,,it,,0,Il Fornaio,il-fornaio,no,,
bakery,ilforno-f9fe3a,Il Forno,Il Forno,,it,,0,Il Forno,il-forno,no,,
supermarket,ilgigante-0cb133,Il Gigante,Il Gigante,Q3792743,it,,0,Il Gigante,il-gigante,only_png,,il-gigante.png
bakery,ilpanequotidiano-f9fe3a,Il Pane Quotidiano,Il Pane Quotidiano,,it,,0,Il Pane Quotidiano,il-pane-quotidiano,no,,
supermarket,insmercato-0cb133,In's Mercato,In's Mercato,Q105615834,it,,1,In's Mercato,ins-mercato,only_png,,ins-mercato.png
convenience,incoop-1aaf3e,InCoop,InCoop,Q131934414,it,,0,InCoop,incoop,no,,
convenience,indomaret-bb8a09,Indomaret,Indomaret,Q4262825,id,,1,Indomaret,indomaret,only_png,,indomaret.png
supermarket,indomaretfresh-9b33de,Indomaret Fresh,Indomaret Fresh,Q138347581,id,,0,Indomaret Fresh,indomaret-fresh,only_png,,indomaret-fresh.png
supermarket,ingles-dde59d,Ingles,Ingles,Q6032595,us,,0,Ingles,ingles,only_png,,ingles.png
convenience,insmarket-eea72f,INS Market,INS Market,Q133245219,ca,,1,INS Market,ins-market,no,,
pastry,insomniacookies-50ea40,Insomnia Cookies,Insomnia Cookies,Q16997024,ca|gb|us,,0,Insomnia Cookies,insomnia-cookies,no,,
supermarket,intermarche-986a24,Intermarché,Intermarché,Q3153200,001,,0,Intermarché,intermarche,both,intermarche.svg,intermarche.png
convenience,intermarchecontact-f6dc0a,Intermarché Contact,Intermarché Contact,Q98278049,fx,,0,Intermarché Contact,intermarche-contact,only_png,,intermarche-contact.png
supermarket,intermarchedrive-94a8a9,Intermarché Drive,Intermarché Drive,Q3153200,fx,,0,Intermarché Drive,intermarche-drive,only_png,,intermarche-drive.png
convenience,intermarcheexpress-f3ab02,Intermarché Express,Intermarché Express,Q98278043,fx|pt,,0,Intermarché Express,intermarche-express,only_png,,intermarche-express.png
supermarket,intermarchehyper-94a8a9,Intermarché Hyper,Intermarché Hyper,Q98278022,fx,,0,Intermarché Hyper,intermarche-hyper,only_png,,intermarche-hyper.png
supermarket,intermarchesuper-bc9d37,Intermarché Super,Intermarché Super,Q98278038,be|fx|pl|pt,,0,Intermarché Super,intermarche-super,only_png,,intermarche-super.png
supermarket,interspar-268650,Interspar,Interspar,Q15820339,at|hr|hu|si,,0,Interspar,interspar,only_png,,interspar.png
supermarket,iper-0cb133,Iper,Iper,Q3801479,it,,0,Iper,iper,both,iper.svg,iper.png
supermarket,iperal-0cb133,Iperal,Iperal,Q3801481,it,,0,Iperal,iperal,only_png,,iperal.png
supermarket,ipercoop-0cb133,Ipercoop,Ipercoop,Q6064990,it,,0,Ipercoop,ipercoop,only_svg,ipercoop.svg,
supermarket,iperfrescobasko-0cb133,Iperfresco Basko,Iperfresco Basko,Q136464623,it,,0,Iperfresco Basko,iperfresco-basko,no,,
convenience,ipiranga-12bebb,Ipiranga,Ipiranga,Q2081136,br,,0,Ipiranga,ipiranga,only_png,,ipiranga.png
convenience,irving-16ec4d,Irving,Irving,Q1673286,ca|us,,1,Irving,irving,only_png,,irving.png
supermarket,italmark-0cb133,Italmark,Italmark,Q126392586,it,,0,Italmark,italmark,only_png,,italmark.png
bakery,istanbulhalkekmek-a32269,İstanbul Halk Ekmek,İstanbul Halk Ekmek,Q6073041,tr,,1,İstanbul Halk Ekmek,istanbul-halk-ekmek,no,,
convenience,jandhfamilystores-d554ea,J&H Family Stores,J&H Family Stores,,us-mi.geojson,,0,J&H Family Stores,j-h-family-stores,no,,
convenience,jacksons-f1e40b,Jacksons,Jacksons,Q64617393,us,,0,Jacksons,jacksons,only_png,,jacksons.png
wine,jacquesweindepot-f93b7c,Jacques' Wein-Depot,Jacques' Wein-Depot,Q1678150,at|de,,0,Jacques' Wein-Depot,jacques-wein-depot,no,,
supermarket,janlinders-5811b5,Jan Linders,Jan Linders,Q2200982,nl,,0,Jan Linders,jan-linders,only_png,,jan-linders.png
variety_store,jawoll-9f9d31,Jawoll,Jawoll,Q65180661,de,,0,Jawoll,jawoll,no,,
supermarket,jayagrocer-80e9ee,Jaya Grocer,Jaya Grocer,Q116275052,my,,0,Jaya Grocer,jaya-grocer,only_png,,jaya-grocer.png
chocolate,jeffdebruges-bc7364,Jeff de Bruges,Jeff de Bruges,Q3176626,at|bg|ca|cz|de|ee|es|fr|gb|it|jo|lu|ma|om|sa|sk|sn|tn,,0,Jeff de Bruges,jeff-de-bruges,no,,
supermarket,jewelosco-dde59d,Jewel-Osco,Jewel-Osco,Q3178470,us,,0,Jewel-Osco,jewel-osco,both,jewel-osco.svg,jewel-osco.png
convenience,jiffy-c8e053,Jiffy,Jiffy,Q16770436,kh|la|ph|th,,0,Jiffy,jiffy,only_png,,jiffy.png
convenience,jiffymart-fe2c5d,Jiffy Mart,Jiffy Mart,Q119592174,us-nh.geojson|us-vt.geojson,,0,Jiffy Mart,jiffy-mart,only_png,,jiffy-mart.png
convenience,joeskwikmarts-f1e40b,Joe's Kwik Marts,Joe's Kwik Marts,Q109871144,us,,0,Joe's Kwik Marts,joes-kwik-marts,only_png,,joes-kwik-marts.png
supermarket,joker-ed9dd5,Joker,Joker,Q716328,no,,0,Joker,joker,only_png,,joker.png
pet,jollyes-8ec028,Jollyes,Jollyes,Q45844955,gb,,1,Jollyes,jollyes,no,,
bakery,julies-b6c45f,Julie's,Julie's,Q120020522,ph,,0,Julie's,julies,no,,
supermarket,jumbo-1cf55d,Jumbo (Europe),Jumbo,Q2262314,be|nl,,2,Jumbo,jumbo,both,jumbo.svg,jumbo.png
supermarket,jumbo-99a0d7,Jumbo (Cencosud),Jumbo,Q6310864,ar|cl|co,,0,Jumbo,jumbo,both,jumbo.svg,jumbo.png
bakery,junge-3f448e,Junge,Junge,Q1561751,de,,3,Junge,junge,no,,
pastry,justbake-77ae94,Just Bake,Just Bake,Q124374121,in,,0,Just Bake,just-bake,no,,
bakery,kandubackerei-3f448e,K&U Bäckerei,K&U Bäckerei,Q1719433,de,,1,K&U Bäckerei,k-u-backerei,no,,
supermarket,kk-0a839e,K+K,K+K,Q1718009,de,,0,K+K,k-k,both,k-k.svg,k-k.png
supermarket,kcitymarket-46d3b7,K-Citymarket,K-Citymarket,Q11868561,fi,,0,K-Citymarket,k-citymarket,only_png,,k-citymarket.png
convenience,kmarket-5dea79,K-Market,K-Market,Q11868562,fi,,0,K-Market,k-market,both,k-market.svg,k-market.png
supermarket,ksupermarket-46d3b7,K-Supermarket,K-Supermarket,Q5408668,fi,,0,K-Supermarket,k-supermarket,only_png,,k-supermarket.png
pet,kahoots-ae290d,Kahoots,Kahoots,Q110028564,us-ca.geojson,,2,Kahoots,kahoots,no,,
bakery,kaisersgutebackstube-3f448e,Kaisers Gute Backstube,Kaisers Gute Backstube,Q15116031,de,,2,Kaisers Gute Backstube,kaisers-gute-backstube,no,,
pet,kakaduzoo-c2bada,Kakadu Zoo,Kakadu Zoo,Q133733697,pl,,0,Kakadu Zoo,kakadu-zoo,no,,
supermarket,kammarket-2e3a41,Kam Market (Macedonia),Kam Market,Q65296228,mk,,0,Kam Market,kam-market,no,,
bakery,kamps-3f448e,Kamps,Kamps,Q1723381,de,,1,Kamps,kamps,no,,
convenience,kangarooexpress-f1e40b,Kangaroo Express,Kangaroo Express,Q61747408,us,,0,Kangaroo Express,kangaroo-express,only_png,,kangaroo-express.png
supermarket,kaufland-464a37,Kaufland,Kaufland,Q685967,cz|de|hr|md|pl|ro|sk,,0,Kaufland,kaufland,both,kaufland.svg,kaufland.png
supermarket,kaufland-56b425,Kaufland (България),Kaufland,Q685967,bg,,0,Kaufland,kaufland,both,kaufland.svg,kaufland.png
bakery,keim-3f448e,Keim,Keim,Q134360343,de,,2,Keim,keim,no,,
convenience,kentkwik-c3f9f6,Kent Kwik,Kent Kwik,Q110622262,us-nm.geojson|us-ok.geojson|us-tx.geojson,,0,Kent Kwik,kent-kwik,only_png,,kent-kwik.png
dairy,milma-6e9671,Milma,Kerala Co-operative Milk Marketing Federation,Q3532857,in,,0,Kerala Co-operative Milk Marketing Federation,kerala-co-operative-milk-marketing-federation,no,,
supermarket,keshetteamim-6b65f1,קשת טעמים,Keshet Teamim,,il,,0,Keshet Teamim,keshet-teamim,no,,
supermarket,ketal-cbfbb4,Ketal,Ketal,Q81967299,bo,,0,Ketal,ketal,only_png,,ketal.png
butcher,keurslager-1c7101,Keurslager,Keurslager,Q114637402,nl,,0,Keurslager,keurslager,no,,
supermarket,keyfood-dde59d,Key Food,Key Food,Q6398037,us,,0,Key Food,key-food,both,key-food.svg,key-food.png
convenience,keystore-232829,KeyStore,KeyStore,Q50528754,gb,,0,KeyStore,keystore,only_png,,keystore.png
convenience,keystoreexpress-232829,KeyStore Express,KeyStore,Q50528754,gb,,0,KeyStore,keystore,only_png,,keystore.png
convenience,keystoremore-232829,KeyStore More,KeyStore,Q50528754,gb,,0,KeyStore,keystore,only_png,,keystore.png
supermarket,kflsupermarkets-c254c9,KFL Supermarkets,KFL Supermarkets,Q113462406,au,,0,KFL Supermarkets,kfl-supermarkets,only_png,,kfl-supermarkets.png
convenience,kimsconveniencestore-944bfe,Kim's Convenience Store,Kim's Convenience Store,Q134021740,us-tx.geojson,,1,Kim's Convenience Store,kims-convenience-store,no,,
variety_store,kinekus-c029a3,KINEKUS,KINEKUS,Q96132061,cz|sk,,0,KINEKUS,kinekus,no,,
supermarket,kingsoopers-dde59d,King Soopers,King Soopers,Q6412065,us,,0,King Soopers,king-soopers,both,king-soopers.svg,king-soopers.png
supermarket,kingsoopersmarketplace-dde59d,King Soopers Marketplace,King Soopers Marketplace,Q6412065,us,,0,King Soopers Marketplace,king-soopers-marketplace,only_png,,king-soopers-marketplace.png
supermarket,kings-dde59d,Kings,Kings,Q6412914,us,,0,Kings,kings,only_png,,kings.png
supermarket,kipa-5b5772,Kipa,Kipa,Q218006,tr,,0,Kipa,kipa,no,,
convenience,kiranapasal-70535b,Kirana Pasal,Kirana Pasal,,np,,0,Kirana Pasal,kirana-pasal,no,,
supermarket,kiwi-ed9dd5,Kiwi,Kiwi,Q1613639,no,,1,Kiwi,kiwi,only_png,,kiwi.png
pet,kiwoko-02c541,Kiwoko,Kiwoko,Q121435937,es|pt,,0,Kiwoko,kiwoko,no,,
convenience,kksupermart-3e5671,KK Super Mart,KK Super Mart,Q95721993,my,,1,KK Super Mart,kk-super-mart,only_png,,kk-super-mart.png
supermarket,klas-4ccde8,Klas,Klas,Q116718756,sk,,1,Klas,klas,only_png,,klas.png
bakery,kleinsbackstube-3f448e,Klein's Backstube,Klein's Backstube,Q15859675,de,,0,Klein's Backstube,kleins-backstube,no,,
bakery,kolls-3f448e,Kolls,Kolls,Q107151170,de,,1,Kolls,kolls,no,,
bakery,konrad-72c555,KONRAD,KONRAD,Q124726120,de-bb.geojson,,0,KONRAD,konrad,no,,
supermarket,konsum-c00dcd,Konsum (Dresden),Konsum Dresden,Q1618877,konsum-dresden.geojson,,0,Konsum Dresden,konsum-dresden,only_png,,konsum-dresden.png
supermarket,konsumleipzig-1d068e,Konsum Leipzig,Konsum Leipzig,Q1468147,konsum-leipzig.geojson,,0,Konsum Leipzig,konsum-leipzig,only_png,,konsum-leipzig.png
supermarket,konzum-0956c9,Konzum (Balkans),Konzum,Q518563,ba|hr|rs,,0,Konzum,konzum,both,konzum.svg,konzum.png
supermarket,konzum-261d20,Konzum (Česko),Konzum,,cz|sk,,0,Konzum,konzum,both,konzum.svg,konzum.png
convenience,konzum-442b6e,Konzum (Balkans),Konzum,Q518563,ba|hr|rs,,0,Konzum,konzum,both,konzum.svg,konzum.png
convenience,konzum-65ae8a,Konzum (Česko),Konzum,,cz|sk,,0,Konzum,konzum,both,konzum.svg,konzum.png
convenience,koops-64a6c9,Koops,Koops,,lt,,0,Koops,koops,no,,
chocolate,kopenhagen-634f60,Kopenhagen,Kopenhagen,Q10314624,br,,0,Kopenhagen,kopenhagen,no,,
supermarket,korzinka-c068bf,Korzinka,Korzinka,Q110120894,uz,,0,Korzinka,korzinka,only_png,,korzinka.png
supermarket,kroger-dde59d,Kroger,Kroger,Q153417,us,,2,Kroger,kroger,only_png,,kroger.png
supermarket,krogermarketplace-dde59d,Kroger Marketplace,Kroger,Q153417,us,,0,Kroger,kroger,only_png,,kroger.png
convenience,kropka-95f41b,Kropka,Kropka,,pl,,0,Kropka,kropka,no,,
supermarket,kronan-0c58a2,Krónan,Krónan,Q16419327,is,,0,Krónan,kronan,only_png,,kronan.png
variety_store,krumet-9f9d31,KRÜMET,KRÜMET,Q110483542,de,,0,KRÜMET,krumet,no,,
supermarket,ktasuperstores-34b4ac,KTA Super Stores,KTA Super Stores,Q44361030,us-hi,,0,KTA Super Stores,kta-super-stores,only_png,,kta-super-stores.png
bakery,kuhn-903073,Kuhn,Kuhn,Q111728345,ch,,0,Kuhn,kuhn,no,,
convenience,kumandgo-f1e40b,Kum & Go,Kum & Go,Q6443340,us,,0,Kum & Go,kum-go,only_png,,kum-go.png
tea,kusmitea-9cd54d,Kusmi Tea,Kusmi Tea,Q944186,001,,0,Kusmi Tea,kusmi-tea,no,,
convenience,kuups-dd9aae,Kuups,Kuups,Q113464694,es,,1,Kuups,kuups,no,,
supermarket,kvickly-072052,Kvickly,Kvickly,Q7061148,dk,,0,Kvickly,kvickly,no,,
convenience,kwikshop-f1e40b,Kwik Shop,Kwik Shop,Q6450417,us,,0,Kwik Shop,kwik-shop,only_png,,kwik-shop.png
convenience,kwikstar-e82e8e,Kwik Star,Kwik Star,Q123269534,us-ia.geojson|us-il.geojson|us-sd.geojson,,0,Kwik Star,kwik-star,no,,
convenience,kwiktrip-345f5f,Kwik Trip,Kwik Trip,Q6450420,us-mi.geojson|us-mn.geojson|us-wi.geojson,,0,Kwik Trip,kwik-trip,only_png,,kwik-trip.png
convenience,kwikspar-c7b713,KwikSpar,KwikSpar,Q610492,za,,0,KwikSpar,kwikspar,only_png,,kwikspar.png
pet,kollezoo-9f060f,Kölle Zoo,Kölle Zoo,Q76606192,de,,0,Kölle Zoo,kolle-zoo,no,,
pastry,kurtosh-7f15f1,Kürtősh,Kürtősh,Q117257108,au,,0,Kürtősh,kurtosh,no,,
bakery,latelierpapilles-09ad2c,L'Atelier Papilles,L'Atelier Papilles,Q130232695,fx,,1,L'Atelier Papilles,latelier-papilles,no,,
supermarket,leauvive-c16b1c,L'Eau Vive,L'Eau Vive,Q89200423,fr,,0,L'Eau Vive,leau-vive,only_png,,leau-vive.png
herbalist,lerbolario-ed4a79,L'Erbolario,L'Erbolario,Q116304294,it,,0,L'Erbolario,lerbolario,no,,
pet,lisoladeitesori-fc1a4b,L'Isola dei Tesori,L'Isola dei Tesori,Q108578003,it,,0,L'Isola dei Tesori,lisola-dei-tesori,no,,
supermarket,laanonima-0d2b84,La Anónima,La Anónima,Q6135985,ar,,0,La Anónima,la-anonima,both,la-anonima.svg,la-anonima.png
alcohol,lacervoiserie-f2c698,La Cervoiserie,La Cervoiserie,Q101788539,fx,,0,La Cervoiserie,la-cervoiserie,no,,
supermarket,lacomer-9b2dfb,La Comer,La Comer,Q26765126,mx,,0,La Comer,la-comer,only_png,,la-comer.png
supermarket,ladespensa-0513f1,La Despensa,La Despensa,,es,,0,La Despensa,la-despensa,no,,
convenience,ladoipasi-597303,La Doi Pași,La Doi Pași,Q18544132,ro,,0,La Doi Pași,la-doi-pasi,only_png,,la-doi-pasi.png
pastry,lafabriquecookies-e3c6a0,La Fabrique Cookies,La Fabrique Cookies,Q139505101,fx|lu,,0,La Fabrique Cookies,la-fabrique-cookies,no,,
variety_store,lafoirfouille-ccd2d5,La Foir'Fouille,La Foir'Fouille,Q3209040,be|fr|lu|mu,,0,La Foir'Fouille,la-foirfouille,only_png,,la-foirfouille.png
supermarket,lamichoacanameatmarket-dde59d,La Michoacana Meat Market,La Michoacana Meat Market,Q6463872,us,,0,La Michoacana Meat Market,la-michoacana-meat-market,only_png,,la-michoacana-meat-market.png
bakery,lamiecaline-09ad2c,La Mie Câline,La Mie Câline,Q3210704,fx,,0,La Mie Câline,la-mie-caline,no,,
bakery,lapanetiere-09ad2c,La Panetière,La Panetière,Q100712234,fx,,0,La Panetière,la-panetiere,no,,
supermarket,laplazadedia-0513f1,La Plaza de DIA,La Plaza de DIA,Q58904673,es,,0,La Plaza de DIA,la-plaza-de-dia,only_png,,la-plaza-de-dia.png
frozen_food,lasirena-2e85e0,La Sirena,La Sirena,Q21034458,ad|es,,0,La Sirena,la-sirena,no,,
bakery,latalemelerie-09ad2c,La Talemelerie,La Talemelerie,Q130214384,fx,,1,La Talemelerie,la-talemelerie,no,,
convenience,lavieclaire-bf3eb4,La Vie Claire,La Vie Claire,Q3213589,fr,,0,La Vie Claire,la-vie-claire,only_png,,la-vie-claire.png
supermarket,lavieclaire-c16b1c,La Vie Claire,La Vie Claire,Q3213589,fr,,0,La Vie Claire,la-vie-claire,only_png,,la-vie-claire.png
alcohol,ladogawine-b9f2fe,Ladoga Wine,Ladoga Wine,,ru,,0,Ladoga Wine,ladoga-wine,no,,
bakery,lagkagehuset-378006,Lagkagehuset,Lagkagehuset,Q12323572,dk,,0,Lagkagehuset,lagkagehuset,no,,
bakery,lagler-6ec796,Lagler,Lagler,Q119807471,at-2.geojson,,1,Lagler,lagler,no,,
bakery,landbackereischmidt-965fe9,Landbäckerei Schmidt,Landbäckerei Schmidt,Q107985521,"[14,51,50]",,0,Landbäckerei Schmidt,landbackerei-schmidt,no,,
convenience,lats-401681,LaTS,LaTS,Q126453824,lv,,0,LaTS,lats,only_png,,lats.png
chocolate,laurasecord-a30910,Laura Secord,Laura Secord,Q6499418,ca,,0,Laura Secord,laura-secord,no,,
pastry,lauratodd-ec1344,Laura Todd,Laura Todd,Q138313277,be|fx,,0,Laura Todd,laura-todd,no,,
convenience,lawson-652b3e,ローソン,LAWSON,Q1557223,jp,,1,LAWSON,lawson,both,lawson.svg,lawson.png
convenience,lawson-e7e121,Lawson,Lawson,Q1557223,001,cn|jp,0,Lawson,lawson,both,lawson.svg,lawson.png
convenience,lawson108-f572b3,Lawson 108,Lawson 108,Q125869566,th,,0,Lawson 108,lawson-108,only_png,,lawson-108.png
convenience,lawsonstore100-652b3e,ローソンストア100,LAWSON STORE 100,Q11350960,jp,,0,LAWSON STORE 100,lawson-store-100,only_png,,lawson-store-100.png
convenience,lawsontoks-652b3e,ローソン+トークス,LAWSON+toks,Q115868119,jp,,0,LAWSON+toks,lawson-toks,no,,
convenience,lawsonthreef-652b3e,ローソン・スリーエフ,LAWSON+スリーエフ,Q24866804,jp,,1,LAWSON+スリーエフ,lawson,both,lawson.svg,lawson.png
convenience,lawsonpoplar-652b3e,ローソン・ポプラ,LAWSON+ポプラ,Q116957010,jp,,0,LAWSON+ポプラ,lawson,both,lawson.svg,lawson.png
dairy,lbbulgaricum-2958ef,LB Bulgaricum,LB Bulgaricum,Q118164603,bg,,0,LB Bulgaricum,lb-bulgaricum,no,,
alcohol,lcbo-19c622,LCBO,LCBO,Q845263,ca-on.geojson,,1,LCBO,lcbo,no,,
chocolate,lechocolatalainducasse-ad9b7e,Le Chocolat Alain Ducasse,Le Chocolat Alain Ducasse,Q114374063,de|fx|gb,,0,Le Chocolat Alain Ducasse,le-chocolat-alain-ducasse,no,,
bakery,lecrobag-367eb3,Le Crobag,Le Crobag,Q1558025,at|de|pl|ru,,0,Le Crobag,le-crobag,no,,
convenience,lemarchedacote-f6dc0a,le marché d'à côté,le marché d'à côté,Q130165186,fx,,1,le marché d'à côté,le-marche-da-cote,no,,
bakery,lepaindujour-08fdce,Le Pain du Jour,Le Pain du Jour,Q114432625,fr-occ.geojson,,0,Le Pain du Jour,le-pain-du-jour,no,,
bakery,lepetrinribeirou-09ad2c,Le Pétrin Ribeïrou,Le Pétrin Ribeïrou,Q89209633,fx,,0,Le Pétrin Ribeïrou,le-petrin-ribeirou,no,,
supermarket,leaderprice-8d94f8,Leader Price,Leader Price,Q2181426,fr|mg,,0,Leader Price,leader-price,no,,
alcohol,legionco-8561ad,Legion Co,Legion Co,,uz,,0,Legion Co,legion-co,no,,
bakery,leifert-3f448e,Leifert,Leifert,Q66086129,de,,1,Leifert,leifert,no,,
chocolate,leonidas-dbe1d4,Leonidas,Leonidas,Q80335,001,,0,Leonidas,leonidas,no,,
supermarket,lescomptoirsdelabio-c16b1c,Les Comptoirs De La Bio,Les Comptoirs De La Bio,Q120801428,fr,,0,Les Comptoirs De La Bio,les-comptoirs-de-la-bio,only_png,,les-comptoirs-de-la-bio.png
bakery,lesfournilsdefrance-09ad2c,Les Fournils de France,Les Fournils de France,Q104649900,fx,,0,Les Fournils de France,les-fournils-de-france,no,,
butcher,leseleveursdelacharentonne-bd963c,Les Éleveurs de la Charentonne,Les Éleveurs de la Charentonne,Q130216320,fx,,0,Les Éleveurs de la Charentonne,les-eleveurs-de-la-charentonne,no,,
bakery,levaduramadre-0ef3f4,Levaduramadre,Levaduramadre,Q134515949,es,,0,Levaduramadre,levaduramadre,no,,
convenience,lewiatan-95f41b,Lewiatan,Lewiatan,Q11755396,pl,,0,Lewiatan,lewiatan,only_png,,lewiatan.png
supermarket,lewiatan-9e6a6c,Lewiatan,Lewiatan,Q11755396,pl,,0,Lewiatan,lewiatan,only_png,,lewiatan.png
dairy,liconsa-f345f3,Liconsa,Liconsa,Q16147815,mx,,0,Liconsa,liconsa,no,,
supermarket,lider-d25066,Lider,Lider,Q6711261,cl,,1,Lider,lider,both,lider.svg,lider.png
supermarket,liderexpress-d25066,Lider Express,Lider,Q6711261,cl,,0,Lider,lider,both,lider.svg,lider.png
supermarket,lidl-56b425,Лидл (България),Lidl,Q108169047,bg,,0,Lidl,lidl,both,lidl.svg,lidl.png
supermarket,lidl-5866c3,Lidl,Lidl,Q151954,001,bg|rs,5,Lidl,lidl,both,lidl.svg,lidl.png
supermarket,lidl-b83687,Лидл (Србија),Lidl,Q114509929,rs,,0,Lidl,lidl,both,lidl.svg,lidl.png
convenience,lifestyleexpress-232829,Lifestyle Express,Lifestyle Express,Q61994869,gb,,0,Lifestyle Express,lifestyle-express,only_png,,lifestyle-express.png
bakery,lilabacker-3f448e,Lila Bäcker,Lila Bäcker,Q57516591,de,,0,Lila Bäcker,lila-backer,no,,
supermarket,lincolnshirecoop-a8278b,Lincolnshire Co-op,Lincolnshire Co-op,Q6551231,gb,,0,Lincolnshire Co-op,lincolnshire-co-op,only_png,,lincolnshire-co-op.png
chocolate,lindt-dbe1d4,Lindt,Lindt,Q152822,001,,0,Lindt,lindt,only_png,,lindt.png
supermarket,linella-cb8836,Linella,Linella,Q61085990,md,,0,Linella,linella,no,,
bakery,lipotipekseg-46ae54,Lipóti Pékség,Lipóti Pékség,Q128245525,hu,,0,Lipóti Pékség,lipoti-pekseg,no,,
alcohol,liquorcity-cebc42,Liquor City,Liquor City,Q116620538,za,,0,Liquor City,liquor-city,no,,
alcohol,liquordepot-ca0076,Liquor Depot,Liquor Depot,,ca-ab.geojson|ca-bc.geojson,,0,Liquor Depot,liquor-depot,no,,
alcohol,liquormart-009342,Liquor Mart,Liquor Mart,Q124030913,ca-mb.geojson,,3,Liquor Mart,liquor-mart,no,,
alcohol,liquorland-a2b828,Liquorland (New Zealand),Liquorland,Q110295342,nz,,0,Liquorland,liquorland,no,,
alcohol,liquorland-cb3c62,Liquorland (Australia),Liquorland,Q2283837,au,,1,Liquorland,liquorland,no,,
alcohol,liquorlandcellars-cb3c62,Liquorland Cellars,Liquorland Cellars,Q137190282,au,,0,Liquorland Cellars,liquorland-cellars,no,,
alcohol,liquorshopcheckers-7eb0a3,LiquorShop Checkers,LiquorShop Checkers,Q5089126,bw|ls|na|za,,2,LiquorShop Checkers,liquorshop-checkers,no,,
alcohol,liquorshopshoprite-847735,LiquorShop Shoprite,LiquorShop Shoprite,Q1857639,bw|ls|mz|na|sz|za|zm,,2,LiquorShop Shoprite,liquorshop-shoprite,no,,
convenience,littleshortstop-e144dd,Little Short Stop,Little Short Stop,Q133255750,ca-on.geojson,,0,Little Short Stop,little-short-stop,no,,
convenience,littlewaitrose-126aa8,Little Waitrose,Little Waitrose,Q771734,gb|je,,1,Little Waitrose,little-waitrose,only_png,,little-waitrose.png
convenience,livio-95f41b,Livio,Livio,Q108599511,pl,,0,Livio,livio,only_png,,livio.png
convenience,loafnjug-f1e40b,Loaf 'N Jug,Loaf 'N Jug,Q6663398,us,,0,Loaf 'N Jug,loaf-n-jug,only_png,,loaf-n-jug.png
supermarket,loblaws-76454b,Loblaws,Loblaws,Q3257626,ca,,1,Loblaws,loblaws,only_png,,loblaws.png
beverages,logogetrankefachmarkt-c4cb62,logo Getränke-Fachmarkt,logo,Q28777575,de,,0,logo,logo,no,,
pastry,lolascupcakes-cdbfe2,Lola's Cupcakes,Lola's Cupcakes,Q114853535,gb-eng|jp,,0,Lola's Cupcakes,lolas-cupcakes,no,,
convenience,londis-232829,Londis (UK),Londis,Q21008564,gb,,0,Londis,londis,only_png,,londis.png
supermarket,londis-23ec32,Londis (Ireland),Londis,Q21015800,ie,,0,Londis,londis,only_png,,londis.png
supermarket,londis-a8278b,Londis (UK),Londis,Q21008564,gb,,0,Londis,londis,only_png,,londis.png
convenience,londis-cb4625,Londis (Ireland),Londis,Q21015800,ie,,0,Londis,londis,only_png,,londis.png
supermarket,longdan-cc4ffc,Longdan,Longdan,Q111462402,gb-eng,,0,Longdan,longdan,only_png,,longdan.png
supermarket,longos-388e9d,Longo's,Longo's,Q6674182,ca-on.geojson,,0,Longo's,longos,only_png,,longos.png
convenience,lonia-5b00ff,Lonia,Lonia,Q124364344,hr,,0,Lonia,lonia,only_png,,lonia.png
supermarket,lottemart-9b33de,Lotte Mart,Lotte Mart,Q326715,id,,0,Lotte Mart,lotte-mart,only_png,,lotte-mart.png
supermarket,lotuss-a5f134,Lotus's,Lotus's,Q2378901,my|th,,0,Lotus's,lotuss,only_png,,lotuss.png
supermarket,lotussgofresh-a5f134,Lotus's go fresh,Lotus's go fresh,Q125937967,my|th,,0,Lotus's go fresh,lotuss-go-fresh,only_png,,lotuss-go-fresh.png
convenience,lotussgofresh-cfafd7,Lotus's go fresh,Lotus's go fresh,Q125937967,my|th,,1,Lotus's go fresh,lotuss-go-fresh,only_png,,lotuss-go-fresh.png
convenience,loves-f1e40b,Love's,Love's,Q1872496,us,,0,Love's,loves,only_png,,loves.png
supermarket,lowesmarket-dde59d,Lowe's Market,Lowe's Market,Q6693107,us,,0,Lowe's Market,lowes-market,no,,
supermarket,lowesfoods-dde59d,Lowes Foods,Lowes Foods,Q6693991,us,,0,Lowes Foods,lowes-foods,only_png,,lowes-foods.png
supermarket,lpgbiomarkt-0a839e,LPG BioMarkt,LPG BioMarkt,Q107983669,de,,1,LPG BioMarkt,lpg-biomarkt,only_png,,lpg-biomarkt.png
bakery,luca-fd5747,Luca,Luca,Q114647790,ro,,1,Luca,luca,no,,
supermarket,lucky-dde59d,Lucky,Lucky,Q6698032,us,,1,Lucky,lucky,both,lucky.svg,lucky.png
convenience,lukoil-1ce012,Lukoil,Lukoil,Q329347,001,bg|by|ge|kz|mk|ru|uz,3,Lukoil,lukoil,both,lukoil.svg,lukoil.png
convenience,minimart-f1e40b,Lukoil Mini-Mart,Lukoil,Q329347,us,,0,Lukoil,lukoil,both,lukoil.svg,lukoil.png
pastry,lukullus-6e7edc,Lukullus,Lukullus,Q113232484,pl,,0,Lukullus,lukullus,no,,
supermarket,luluhypermarket-7e55ed,Lulu Hypermarket,Lulu Hypermarket,Q6702930,ae|bh|eg|id|in|kw|my|om|qa,,0,Lulu Hypermarket,lulu-hypermarket,only_png,,lulu-hypermarket.png
supermarket,luna-0d2b84,Luna,Luna,,ar,,0,Luna,luna,only_png,,luna.png
supermarket,lupa-0513f1,Lupa,Lupa,Q58044048,es,,0,Lupa,lupa,only_png,,lupa.png
chocolate,laderach-dbe1d4,Läderach,Läderach,Q1437143,001,,0,Läderach,laderach,no,,
bakery,lowenbackerschaper-3f448e,Löwenbäcker Schaper,Löwenbäcker Schaper,Q62075965,de,,1,Löwenbäcker Schaper,lowenbacker-schaper,no,,
supermarket,lovbjerg-072052,Løvbjerg,Løvbjerg,Q12325422,dk,,1,Løvbjerg,lvbjerg,no,,
frozen_food,mandmfoodmarket-3f4a2c,M&M Food Market,M&M Food Market,Q6711827,ca,,1,M&M Food Market,m-m-food-market,no,,
greengrocer,mafermeenville-6e345d,Ma Ferme en Ville,Ma Ferme en Ville,Q102163541,fx,,0,Ma Ferme en Ville,ma-ferme-en-ville,no,,
convenience,mace-1a0d8e,Mace (Northern Ireland),Mace,Q75238536,gb-nir,,0,Mace,mace,only_png,,mace.png
convenience,mace-cb4625,Mace (Ireland),Mace,Q75236910,ie,,0,Mace,mace,only_png,,mace.png
convenience,mace-eb7785,Mace (UK),Mace,Q75240338,gb-eng|gb-sct|gb-wls,,0,Mace,mace,only_png,,mace.png
supermarket,macrocenter-5b5772,Macrocenter,Macrocenter,Q123194881,tr,,0,Macrocenter,macrocenter,no,,
convenience,macrocenter-62eaab,Macrocenter,Macrocenter,Q123194881,tr,,0,Macrocenter,macrocenter,no,,
butcher,madbutcher-79ce66,Mad Butcher,Mad Butcher,Q111015152,nz,,0,Mad Butcher,mad-butcher,no,,
convenience,magnum-7ad3ae,Magnum,Magnum,,kz,,0,Magnum,magnum,no,,
supermarket,magnum-8f26de,Magnum,Magnum,,kz,,0,Magnum,magnum,no,,
butcher,mago-fbfd6e,Mago,Mago,Q131904610,de-bb.geojson|de-be.geojson,,0,Mago,mago,no,,
pet,maidenheadaquatics-8ec028,Maidenhead Aquatics,Maidenhead Aquatics,Q120800751,gb,,0,Maidenhead Aquatics,maidenhead-aquatics,no,,
bakery,maisonbecam-09ad2c,Maison Bécam,Maison Bécam,Q130232721,fx,,0,Maison Bécam,maison-becam,no,,
pastry,maisondandoy-017230,Maison Dandoy,Maison Dandoy,Q139255278,be,,0,Maison Dandoy,maison-dandoy,no,,
alcohol,maisonnicolas-44f3b7,Maison Nicolas,Maison Nicolas,Q3340012,be|fr|gb|ma,,0,Maison Nicolas,maison-nicolas,no,,
bakery,maisonplanchot-09ad2c,Maison Planchot,Maison Planchot,Q117814025,fx,,0,Maison Planchot,maison-planchot,no,,
convenience,maistoprekes-64a6c9,Maisto prekės,Maisto prekės,,lt,,0,Maisto prekės,maisto-prekes,no,,
alcohol,majestic-30632a,Majestic,Majestic,Q6737725,gb,,2,Majestic,majestic,no,,
bakery,makocakeandbakery-a78b8f,MAKO Cake and Bakery,MAKO Cake and Bakery,Q124824681,id,,0,MAKO Cake and Bakery,mako-cake-and-bakery,no,,
butcher,makovec-699c48,Makovec,Makovec,Q58623471,cz|sk,,0,Makovec,makovec,no,,
wholesale,makro-66b455,Makro,Makro,Q704606,001,th,0,Makro,makro,only_png,,makro.png
bakery,malcolmbarnecutt-00bbe7,Malcolm Barnecutt,Malcolm Barnecutt,Q120865030,gb-eng,,0,Malcolm Barnecutt,malcolm-barnecutt,no,,
bakery,malzers-3f448e,Malzers,Malzers,Q19278095,de,,1,Malzers,malzers,no,,
greengrocer,mangeonsfrais-6e345d,Mangeons Frais,Mangeons Frais,Q130215824,fx,,0,Mangeons Frais,mangeons-frais,only_png,,mangeons-frais.png
convenience,mapco-f1e40b,Mapco,Mapco,Q107589462,us,,0,Mapco,mapco,only_png,,mapco.png
convenience,marathon-f1e40b,Marathon,Marathon,Q458363,us,,0,Marathon,marathon,only_png,,marathon.png
supermarket,marcs-927fbd,Marc's,Marc's,Q17080259,us-oh.geojson,,0,Marc's,marcs,no,,
supermarket,marcheadonis-76454b,Marché Adonis,Marché Adonis,Q20707426,ca,,1,Marché Adonis,marche-adonis,no,,
convenience,margheritaconad-1aaf3e,Margherita Conad,Margherita Conad,Q126035555,it,,0,Margherita Conad,margherita-conad,no,,
supermarket,marginfreemarket-9ef8f9,Margin Free Market,Margin Free Market,Q99751436,in,,0,Margin Free Market,margin-free-market,no,,
supermarket,marianosfreshmarket-5ca8e2,Mariano's Fresh Market,Mariano's Fresh Market,Q55622168,us-il.geojson,,0,Mariano's Fresh Market,marianos-fresh-market,only_png,,marianos-fresh-market.png
bakery,marieblachere-09ad2c,Marie Blachère,Marie Blachère,Q62082410,fx,,2,Marie Blachère,marie-blachere,only_png,,marie-blachere.png
bakery,mariette-09ad2c,Mariette,Mariette,Q130232600,fx,,0,Mariette,mariette,no,,
supermarket,marjanemarket-dc016e,Marjane Market مرجان ماركت,Marjane Market مرجان ماركت,Q2823349,ma,,0,Marjane Market مرجان ماركت,marjane-market,no,,
supermarket,marjane-dc016e,Marjane مرجان,Marjane مرجان,Q136333342,ma,,0,Marjane مرجان,marjane,no,,
supermarket,markant-0a839e,Markant,Markant,Q57523365,de,,0,Markant,markant,both,markant.svg,markant.png
convenience,marketxirdalan-ef7cdd,Market \ Xırdalan,Market \ Xırdalan,,az,,0,Market \ Xırdalan,market-xrdalan,no,,
supermarket,marketbasket-986a24,Market Basket,Market Basket,Q2079198,001,,0,Market Basket,market-basket,both,market-basket.svg,market-basket.png
supermarket,marketin-37450e,Market In,Market In,,gr,,0,Market In,market-in,no,,
alcohol,marketliquors-4c7c64,Market Liquors,Market Liquors,Q116895063,na|za,,0,Market Liquors,market-liquors,no,,
supermarket,marketofchoice-dde59d,Market of Choice,Market of Choice,Q6770822,us,,0,Market of Choice,market-of-choice,only_png,,market-of-choice.png
supermarket,marketplace-745f9c,Market Place,Market Place,Q10851178,hk,,1,Market Place,market-place,only_png,,market-place.png
supermarket,marketstreet-fa4d34,Market Street,Market Street,Q119405196,us-nm.geojson|us-tx.geojson,,0,Market Street,market-street,only_png,,market-street.png
greengrocer,marketplacefresh-edd24e,MarketPlace Fresh,MarketPlace Fresh,Q117847717,au,,0,MarketPlace Fresh,marketplace-fresh,no,,
supermarket,marketvita-9e6a6c,MarketVita,MarketVita,Q118958720,pl,,0,MarketVita,marketvita,no,,
convenience,marketvitaexpress-95f41b,MarketVita Express,MarketVita Express,Q118958725,pl,,0,MarketVita Express,marketvita-express,no,,
beverages,markgrafengetrankemarkt-c4cb62,Markgrafen Getränkemarkt,Markgrafen Getränkemarkt,Q100324493,de,,2,Markgrafen Getränkemarkt,markgrafen-getrankemarkt,no,,
butcher,marko-436f1d,Marko,Marko,Q133892686,pl,,0,Marko,marko,no,,
convenience,mandsfood-232829,M&S Food,Marks & Spencer,Q714491,gb,,0,Marks & Spencer,marks-spencer,both,marks-spencer.svg,marks-spencer.png
supermarket,mandsfood-a8278b,M&S Food,Marks & Spencer,Q714491,gb,,1,Marks & Spencer,marks-spencer,both,marks-spencer.svg,marks-spencer.png
supermarket,mandsfoodhall-3c0448,M&S Foodhall,Marks & Spencer,Q714491,001,us,1,Marks & Spencer,marks-spencer,both,marks-spencer.svg,marks-spencer.png
supermarket,mandssimplyfood-3c0448,M&S Simply Food,Marks & Spencer,Q714491,001,us,1,Marks & Spencer,marks-spencer,both,marks-spencer.svg,marks-spencer.png
convenience,mandssimplyfood-bd0db4,M&S Simply Food,Marks & Spencer,Q714491,001,us,1,Marks & Spencer,marks-spencer,both,marks-spencer.svg,marks-spencer.png
bakery,marktbackerei-bcfc22,Markt-Bäckerei,Markt-Bäckerei,Q1719433,de-bw.geojson|de-he.geojson|de-rp.geojson,,0,Markt-Bäckerei,markt-backerei,no,,
supermarket,marktkauf-0a839e,MARKTKAUF,MARKTKAUF,Q1533254,de,,0,MARKTKAUF,marktkauf,only_svg,marktkauf.svg,
bakery,martinauer-2e087b,Martin Auer,Martin Auer,Q55523880,at,,1,Martin Auer,martin-auer,no,,
supermarket,martinssupermarkets-aeed86,Martin's Super Markets,Martin's Super Markets,Q6774803,us-in.geojson|us-mi.geojson,,0,Martin's Super Markets,martins-super-markets,only_png,,martins-super-markets.png
convenience,martinmartin-dd9aae,Martín Martín,Martín Martín,Q98546074,es,,0,Martín Martín,martin-martin,only_png,,martin-martin.png
supermarket,mas-42dc97,Mas,Mas,Q122957534,cy,,0,Mas,mas,only_png,,mas.png
wholesale,mastermate-055f9a,Mastermate,Mastermate,Q116172699,nl,,0,Mastermate,mastermate,no,,
pet,masterzoo-a879a3,MasterZoo,MasterZoo,Q116920599,ua,,4,MasterZoo,masterzoo,no,,
supermarket,masymas-2fdfa5,masymas (Luis Piña),masymas,Q6135987,"[-2.916667,37.95,50]|[-3.7889,37.9,65]|[-4.9031,38.1397,60]",,0,masymas,masymas,only_svg,masymas.svg,
supermarket,masymas-cb4ace,masymas (Juan Fornés Fornés),masymas,Q6135987,"[-0.3,38.6983,60]|[-0.7197,39.4717,60]|[-0.8792,37.6237,20]|[-1.041389,38.207222,60]|[-1.6023,37.7126,50]|[0.0096,40.3,60]",,0,masymas,masymas,only_svg,masymas.svg,
supermarket,masymas-d9d175,masymas (Hijos de Luis Rodríguez),masymas,Q6135987,"[-4.84618,43.31585,30]|[-5.5669,42.5989,30]|[-5.5881,43.3436,50]|[-6.1458,43.5633,10]|[-6.60835,43.26997,50]",,0,masymas,masymas,only_svg,masymas.svg,
convenience,masymasbasic-849ea7,masymas basic,masymas,Q6135987,"[-0.3,38.6983,60]|[-0.7197,39.4717,60]|[-0.8792,37.6237,20]|[-1.041389,38.207222,60]|[-1.6023,37.7126,50]|[0.0096,40.3,60]",,0,masymas,masymas,only_svg,masymas.svg,
supermarket,match-ae86a1,Match,Match,Q513977,be|fr|hu|lu,,0,Match,match,only_png,,match.png
supermarket,mateussupermercados-20f2a8,Mateus Supermercados,Mateus Supermercados,Q134776648,br,,0,Mateus Supermercados,mateus-supermercados,no,,
supermarket,matkroken-ed9dd5,Matkroken,Matkroken,Q11988679,no,,0,Matkroken,matkroken,no,,
convenience,matoppet-f5adeb,Matöppet,Matöppet,Q10578618,se,,0,Matöppet,matoppet,only_png,,matoppet.png
convenience,mavelistore-bb430b,Maveli Store,Maveli Store,Q6794132,in,,0,Maveli Store,maveli-store,no,,
convenience,maverik-f1e40b,Maverik,Maverik,Q64149010,us,,0,Maverik,maverik,only_png,,maverik.png
convenience,maxmart-f572b3,Max Mart,Max Mart,Q125918247,th,,0,Max Mart,max-mart,only_png,,max-mart.png
variety_store,maxstock-5846c3,Max Stock,Max Stock,Q18191994,il,,0,Max Stock,max-stock,no,,
convenience,maxi-3015fb,Maxi,Maxi,Q6795490,rs,,1,Maxi,maxi,only_png,,maxi.png
supermarket,maxi-76454b,Maxi (Canada),Maxi,Q3302441,ca,,0,Maxi,maxi,only_png,,maxi.png
supermarket,maxi-b83687,Maxi (Србија),Maxi,Q6795490,rs,,1,Maxi,maxi,only_png,,maxi.png
variety_store,maxibazar-efe747,Maxi Bazar,Maxi Bazar,Q111817854,fx,,0,Maxi Bazar,maxi-bazar,no,,
supermarket,maxidia-0513f1,Maxi Dia,Maxi Dia,Q925132,es,,0,Maxi Dia,maxi-dia,both,maxi-dia.svg,maxi-dia.png
supermarket,maxiicastormarknad-e39865,Maxi ICA Stormarknad,Maxi ICA Stormarknad,Q1663776,no|se,,0,Maxi ICA Stormarknad,maxi-ica-stormarknad,both,maxi-ica-stormarknad.svg,maxi-ica-stormarknad.png
pet,maxizoo-3e2920,Maxi Zoo,Maxi Zoo,Q108403242,be|ch|dk|fr|ie|it|pl,,0,Maxi Zoo,maxi-zoo,no,,
convenience,maxikiosco-478c1f,Maxikiosco,Maxikiosco,,ar|uy,,0,Maxikiosco,maxikiosco,no,,
supermarket,maximax-45f6bc,Maxima X,Maxima,Q1881222,ee|lt|lv,,0,Maxima,maxima,both,maxima.svg,maxima.png
supermarket,maximaxx-48a198,Maxima XX,Maxima,Q1881222,ee|lt|lv|pl,,0,Maxima,maxima,both,maxima.svg,maxima.png
supermarket,maximaxxx-48a198,Maxima XXX,Maxima,Q1881222,ee|lt|lv|pl,,0,Maxima,maxima,both,maxima.svg,maxima.png
supermarket,maximarkt-1eef1d,Maximarkt,Maximarkt,Q55524814,at,,0,Maximarkt,maximarkt,only_png,,maximarkt.png
convenience,maxol-0b7623,Maxol,Maxol,Q3302837,gb-nir|ie,,0,Maxol,maxol,no,,
supermarket,maxvalu-f485f2,MaxValu,MaxValu,Q11340427,cn|my|th,,0,MaxValu,maxvalu,no,,
convenience,malpkaexpress-95f41b,Małpka Express,Małpka Express,Q18431946,pl,,0,Małpka Express,mapka-express,no,,
supermarket,mcd-5811b5,MCD,MCD,Q46936596,nl,,0,MCD,mcd,only_png,,mcd.png
supermarket,md-0cb133,MD,MD,Q3841263,it,,1,MD,md,only_png,,md.png
bakery,meffert-9a87b1,Meffert,Meffert,Q125887062,"[8.8,52,30]",,2,Meffert,meffert,no,,
supermarket,mega-0cb133,Mega,Mega,,it,,0,Mega,mega,no,,
supermarket,megaimage-62a473,Mega Image,Mega Image,Q6808085,ro,,0,Mega Image,mega-image,only_png,,mega-image.png
supermarket,megamaxi-b83687,Mega Maxi,Mega Maxi,Q7698875,rs,,1,Mega Maxi,mega-maxi,no,,
supermarket,megasave-6d06e8,Megasave,Megasave,Q116520541,na|sz|za,,0,Megasave,megasave,no,,
pet,megazoo-9f060f,MEGAZOO,MEGAZOO,Q107718741,de,,0,MEGAZOO,megazoo,no,,
supermarket,mego-858077,Mego,Mego,Q16363314,lv,,0,Mego,mego,only_png,,mego.png
supermarket,meijer-dde59d,Meijer,Meijer,Q1917753,us,,0,Meijer,meijer,both,meijer.svg,meijer.png
convenience,meijerexpress-f1e40b,Meijer Express,Meijer,Q1917753,us,,0,Meijer,meijer,both,meijer.svg,meijer.png
supermarket,melcom-bfc6b6,Melcom,Melcom,Q6812065,gh,,1,Melcom,melcom,no,,
supermarket,meny-2b56aa,Meny,Meny,Q10581720,dk|no,,0,Meny,meny,only_png,,meny.png
supermarket,mercadoextra-20f2a8,Mercado Extra,Mercado Extra,Q5422131,br,,0,Mercado Extra,mercado-extra,only_png,,mercado-extra.png
supermarket,mercadona-d9bffc,Mercadona,Mercadona,Q377705,es|pt,,0,Mercadona,mercadona,both,mercadona.svg,mercadona.png
supermarket,mercator-05bb56,Mercator,Mercator,Q738412,ba|hr|me|rs|si,,0,Mercator,mercator,only_png,,mercator.png
convenience,mercator-eb6d99,Mercator,Mercator,Q738412,ba|hr|me|mk|rs|si,,0,Mercator,mercator,only_png,,mercator.png
supermarket,mercato-0cb133,Mercatò,Mercatò,Q127389715,it,,0,Mercatò,mercato,only_png,,mercato.png
supermarket,mercatobig-0cb133,Mercatò Big,Mercatò,Q127389715,it,,0,Mercatò,mercato,only_png,,mercato.png
supermarket,mercatoextra-0cb133,Mercatò Extra,Mercatò,Q127389715,it,,0,Mercatò,mercato,only_png,,mercato.png
supermarket,mercatolocal-0cb133,Mercatò Local,Mercatò,Q127389715,it,,0,Mercatò,mercato,only_png,,mercato.png
bakery,merzenich-3f448e,Merzenich,Merzenich,Q110455846,de,,1,Merzenich,merzenich,no,,
convenience,mesra-3e5671,Mesra,Mesra,,my,,0,Mesra,mesra,no,,
wholesale,metro-09b7b7,Metro,METRO,Q13610282,at|de|fr|hr|hu|in|it|kz|md|pk|ro|rs|ru|sk|tr|ua,,1,METRO,metro,both,metro.svg,metro.png
supermarket,metro-42dc97,Metro (Cyprus),Metro,Q6715491,cy,,0,Metro,metro,both,metro.svg,metro.png
wholesale,metro-551edc,Metro (България),Metro,Q13610282,bg,,1,Metro,metro,both,metro.svg,metro.png
supermarket,metro-7dcd78,Metro (Ontario/Quebec),Metro,Q1145669,ca-on.geojson|ca-qc.geojson,,0,Metro,metro,both,metro.svg,metro.png
supermarket,metro-acfc90,Metro (Perú),Metro,Q16640217,pe,,0,Metro,metro,both,metro.svg,metro.png
wholesale,metrogastro-ad6aeb,Metro Gastro,METRO,Q13610282,de,,1,METRO,metro,both,metro.svg,metro.png
supermarket,metrosupermarket-49e134,Metro Supermarket,Metro Supermarket,Q23808789,ph,,1,Metro Supermarket,metro-supermarket,only_png,,metro-supermarket.png
convenience,metromart-7a43a8,MetroMart,MetroMart,Q121642943,nz,,0,MetroMart,metromart,no,,
convenience,metss-5b00ff,METSS,METSS,,hr,,0,METSS,metss,no,,
supermarket,meusuper-a14fce,Meu Super,Meu Super,Q119948154,pt,,0,Meu Super,meu-super,only_png,,meu-super.png
supermarket,mibodegaaurrera-9b2dfb,Mi Bodega Aurrera,Mi Bodega Aurrera,Q3365858,mx,,0,Mi Bodega Aurrera,mi-bodega-aurrera,only_png,,mi-bodega-aurrera.png
convenience,migrolino-07a460,Migrolino,Migrolino,Q56745088,ch,,0,Migrolino,migrolino,only_png,,migrolino.png
supermarket,migros-5b5772,Migros (Türkiye),Migros,Q1754510,tr,,0,Migros,migros,both,migros.svg,migros.png
convenience,migros-62eaab,Migros (Türkiye),Migros,Q1754510,tr,,0,Migros,migros,both,migros.svg,migros.png
supermarket,migros-e39709,Migros (Europe),Migros,Q680727,ch|fx|it,,0,Migros,migros,both,migros.svg,migros.png
convenience,migrosjet-62eaab,Migros Jet,Migros Jet,Q1754510,tr,,0,Migros Jet,migros-jet,both,migros-jet.svg,migros-jet.png
supermarket,migross-0cb133,Migross,Migross,Q137711332,it,,0,Migross,migross,only_png,,migross.png
convenience,milkagro-2496a5,Milk-Agro,Milk-Agro,Q64173785,sk,,0,Milk-Agro,milk-agro,only_png,,milk-agro.png
supermarket,milkagro-4ccde8,Milk-Agro,Milk-Agro,Q64173785,sk,,0,Milk-Agro,milk-agro,only_png,,milk-agro.png
bakery,milkau-3f448e,Milkau,Milkau,Q66208652,de,,0,Milkau,milkau,no,,
bakery,milliescookies-376142,Millie's Cookies,Millie's Cookies,Q1935533,de|eg|fr|gb|hk|in|mt,,0,Millie's Cookies,millies-cookies,no,,
supermarket,minkobmand-072052,Min Købmand,Min Købmand,Q104310815,dk,,1,Min Købmand,min-kbmand,no,,
convenience,miniextra-12bebb,Mini Extra,Mini Extra,Q5422131,br,,0,Mini Extra,mini-extra,only_png,,mini-extra.png
convenience,minimix-ba18ab,Mini Mix,Mini Mix,Q327854,at|be|cy|cz|de|es|fx|gb|gr|it|me|nl|pt,,1,Mini Mix,mini-mix,only_png,,mini-mix.png
convenience,minimart-854be4,Minimart,Minimart,Q119168386,bg,,1,Minimart,minimart,only_png,,minimart.png
supermarket,minipreco-a14fce,Minipreço,Minipreço,Q3042224,pt,,0,Minipreço,minipreco,both,minipreco.svg,minipreco.png
variety_store,miniso-0a7353,Miniso,Miniso,Q20732498,001,cn|ge|tw,0,Miniso,miniso,no,,
convenience,ministop-365d07,Ministop,Ministop,Q1038929,cn|kz|vn,,0,Ministop,ministop,no,,
convenience,ministop-652b3e,ミニストップ,MINISTOP,Q1038929,jp,,0,MINISTOP,ministop,no,,
bakery,minit-3ca1fa,Minit,Minit,Q116681166,sk,,0,Minit,minit,no,,
convenience,minitmart-f1e40b,Minit Mart,Minit Mart,Q18154470,us,,0,Minit Mart,minit-mart,only_png,,minit-mart.png
convenience,minivitamarket-95f41b,Minivita Market,Minivita Market,Q119660457,pl,,0,Minivita Market,minivita-market,no,,
convenience,minipiago-652b3e,miniピアゴ,miniピアゴ,Q11188499,jp,,1,miniピアゴ,mini,no,,
pastry,mioamore-77ae94,Mio Amore,Mio Amore,Q130534919,in,,0,Mio Amore,mio-amore,no,,
pastry,misscookiescoffee-8e6242,Miss Cookies Coffee,Miss Cookies Coffee,Q139505114,fx,,0,Miss Cookies Coffee,miss-cookies-coffee,no,,
bakery,mistrzpiekarz-839c38,Mistrz Piekarz,Mistrz Piekarz,Q138412294,pl,,1,Mistrz Piekarz,mistrz-piekarz,no,,
alcohol,mitra-e09280,Mitra,Mitra,Q109186241,nl,,0,Mitra,mitra,no,,
supermarket,mitsuwamarketplace-dde59d,Mitsuwa Marketplace,Mitsuwa Marketplace,Q6883386,us,,0,Mitsuwa Marketplace,mitsuwa-marketplace,only_png,,mitsuwa-marketplace.png
supermarket,mixmarkt-4aeb54,Mix Markt,Mix Markt,Q327854,at|be|cy|cz|de|es|fr|gb|gr|it|me|mt|nl|pl|pt|rs|si|sk,,0,Mix Markt,mix-markt,both,mix-markt.svg,mix-markt.png
supermarket,mixmarkt-56b425,Mix Markt (България),Mix Markt,Q327854,bg,,0,Mix Markt,mix-markt,both,mix-markt.svg,mix-markt.png
wholesale,mixmateus-60dbb1,Mix Mateus,Mix Mateus,Q134776544,br,,0,Mix Mateus,mix-mateus,no,,
convenience,mlinipekare-5b00ff,Mlin i pekare,Mlin i pekare,,hr,,0,Mlin i pekare,mlin-i-pekare,no,,
bakery,mlinar-f94504,Mlinar,Mlinar,Q62082464,ba|hr|sl,,0,Mlinar,mlinar,no,,
supermarket,mmmigros-36e991,MM Migros,MM Migros,,ch,,0,MM Migros,mm-migros,no,,
convenience,mobilmart-4d6b4b,Mobil Mart,Mobil Mart,Q109676002,001,,1,Mobil Mart,mobil-mart,only_svg,mobil-mart.svg,
alcohol,modelorama-773a77,Modelorama,Modelorama,Q122153017,mx,,0,Modelorama,modelorama,no,,
convenience,mokpol-95f41b,Mokpol,Mokpol,Q113227698,pl,,0,Mokpol,mokpol,only_png,,mokpol.png
supermarket,mokpol-9e6a6c,Mokpol,Mokpol,Q113227698,pl,,0,Mokpol,mokpol,only_png,,mokpol.png
convenience,molshop-32b19d,MOL Shop,MOL Shop,Q549181,cz|hu|pl|ro|rs|si,,0,MOL Shop,mol-shop,only_png,,mol-shop.png
pet,mondou-4f78bb,Mondou,Mondou,Q130223796,ca,,0,Mondou,mondou,no,,
pastry,monginis-299bf3,Monginis (Egypt),Monginis,Q6899504,eg,,0,Monginis,monginis,no,,
pastry,monginis-77ae94,Monginis (India),Monginis,Q6899504,in,,0,Monginis,monginis,no,,
convenience,monop-f6dc0a,Monop',Monop',Q89913683,fx,,0,Monop',monop,both,monop.svg,monop.png
supermarket,monoprix-2a24ce,Monoprix (France),Monoprix,Q3321241,ad|fr,,0,Monoprix,monoprix,both,monoprix.svg,monoprix.png
supermarket,monoprix-fb893a,Monoprix (Tunisia),Monoprix,Q2719231,tn,,0,Monoprix,monoprix,both,monoprix.svg,monoprix.png
supermarket,more-9ef8f9,More,More,Q6910891,in,,0,More,more,only_png,,more.png
supermarket,morrisons-a8278b,Morrisons,Morrisons,Q922344,gb,,1,Morrisons,morrisons,only_png,,morrisons.png
convenience,morrisonsdaily-ce5d3e,Morrisons Daily,Morrisons Daily,Q99752411,gb,gg|je,2,Morrisons Daily,morrisons-daily,only_png,,morrisons-daily.png
convenience,morrisonsdaily-d9d9cb,Morrisons Daily (Channel Islands),Morrisons Daily,Q99752411,gg|je,,0,Morrisons Daily,morrisons-daily,only_png,,morrisons-daily.png
supermarket,mortonwilliams-c616c2,Morton Williams,Morton Williams,Q28227933,us-nj.geojson|us-ny-new_york_city.geojson,,0,Morton Williams,morton-williams,no,,
dairy,motherdairy-6e9671,Mother Dairy,Mother Dairy,Q6917320,in,,0,Mother Dairy,mother-dairy,no,,
convenience,minim-d41f40,miniM,MPreis,Q873491,at,,0,MPreis,mpreis,only_png,,mpreis.png
supermarket,mpreis-eeb4e5,MPREIS,MPREIS,Q873491,at|it,,0,MPREIS,mpreis,only_png,,mpreis.png
alcohol,mrliquor-cb3c62,Mr Liquor,Mr Liquor,Q117822077,au,,0,Mr Liquor,mr-liquor,no,,
nuts,mralmond-f85d29,Mr. Almond,Mr. Almond,Q130477385,bg,,0,Mr. Almond,mr-almond,no,,
variety_store,mrprice-d3831c,Mr. Price,Mr. Price,Q113197454,ie,,0,Mr. Price,mr-price,no,,
variety_store,mrdollar-14cb81,MR.DOLLAR,MR.DOLLAR,Q106959890,my,,0,MR.DOLLAR,mr-dollar,no,,
convenience,mrmax-652b3e,MrMax,MrMax,Q11342034,jp,,0,MrMax,mrmax,no,,
pastry,mrsfields-839ebf,Mrs. Fields,Mrs. Fields,Q3866841,au|ph|us-ak|us-al.geojson|us-az.geojson|us-ca.geojson|us-co.geojson|us-de.geojson|us-fl.geojson|us-ga.geojson|us-hi|us-id.geojson|us-il.geojson|us-in.geojson|us-ks.geojson|us-la.geojson|us-ma.geojson|us-md.geojson|us-me.geojson|us-mi.geojson|us-mo.geojson|us-ms.geojson|us-nc.geojson|us-nj.geojson|us-nv.geojson|us-ny.geojson|us-oh.geojson|us-ok.geojson|us-pa.geojson|us-tx.geojson|us-ut.geojson|us-wi.geojson,,0,Mrs. Fields,mrs-fields,no,,
pet,mudbay-92d036,Mud Bay,Mud Bay,Q30324179,us-or.geojson|us-wa.geojson,,0,Mud Bay,mud-bay,no,,
pastry,multivlaai-b5394e,MultiVlaai,MultiVlaai,Q5439846,nl,,0,MultiVlaai,multivlaai,no,,
health_food,mundoverde-894bf8,Mundo Verde,Mundo Verde,Q48856833,br,,0,Mundo Verde,mundo-verde,no,,
convenience,murphyexpress-f1e40b,Murphy Express,Murphy Express,Q19604459,us,,0,Murphy Express,murphy-express,only_png,,murphy-express.png
convenience,murphyusa-f1e40b,Murphy USA,Murphy USA,Q19604459,us,,0,Murphy USA,murphy-usa,only_png,,murphy-usa.png
bakery,musmanni-8b7146,Musmanni,Musmanni,Q19382082,cr,,0,Musmanni,musmanni,no,,
pet,mustijamirri-294f56,Musti ja Mirri,Musti ja Mirri,Q11883558,fi,,0,Musti ja Mirri,musti-ja-mirri,no,,
convenience,myauchan-5dd5a6,My Auchan,My Auchan,Q115800307,fx|pt|ro,,0,My Auchan,my-auchan,only_png,,my-auchan.png
supermarket,mymarket-37450e,My market,My market,,gr,,0,My market,my-market,no,,
supermarket,mydin-80e9ee,Mydin,Mydin,Q6947269,my,,0,Mydin,mydin,only_png,,mydin.png
convenience,mynewscom-3e5671,myNEWS.com,myNEWS.com,Q17147574,my,,1,myNEWS.com,mynews-com,only_png,,mynews-com.png
variety_store,macgeiz-9f9d31,Mäc-Geiz,Mäc-Geiz,Q1957126,de,,0,Mäc-Geiz,mac-geiz,only_png,,mac-geiz.png
butcher,masiarstvoubyka-d81898,Mäsiarstvo u Býka,Mäsiarstvo u Býka,Q133262589,sk,,0,Mäsiarstvo u Býka,masiarstvo-u-byka,no,,
pet,medoretcompagnie-aea085,Médor et Compagnie,Médor et Compagnie,Q89344773,fx,,0,Médor et Compagnie,medor-et-compagnie,no,,
convenience,mojobchod-2496a5,Môj obchod,Môj obchod,Q126736496,sk,,0,Môj obchod,moj-obchod,only_png,,moj-obchod.png
bakery,mullerandegerer-3f448e,Müller & Egerer,Müller & Egerer,Q64140618,de,,2,Müller & Egerer,muller-egerer,no,,
convenience,mujobchod-a7773e,Můj obchod,Můj obchod,Q130658827,cz,,0,Můj obchod,muj-obchod,only_png,,muj-obchod.png
supermarket,nahandfrisch-6367d0,Nah & Frisch,Nah & Frisch,Q1963643,at|de,,1,Nah & Frisch,nah-frisch,no,,
supermarket,nahkauf-0a839e,Nahkauf,Nahkauf,Q57515238,de,,0,Nahkauf,nahkauf,both,nahkauf.svg,nahkauf.png
supermarket,naivas-d512c0,Naivas,Naivas,Q18379067,ke,,0,Naivas,naivas,only_png,,naivas.png
pastry,namur-8e72cc,Namur,Namur,Q98815398,lu,,0,Namur,namur,no,,
dairy,nandini-6e9671,Nandini,Nandini,Q124374212,in,,0,Nandini,nandini,no,,
convenience,naszsklep-95f41b,Nasz Sklep,Nasz Sklep,Q62070369,pl,,0,Nasz Sklep,nasz-sklep,only_png,,nasz-sklep.png
nutrition_supplements,naturhouse-699d49,Natur House,Natur House,Q6038807,001,,0,Natur House,natur-house,no,,
supermarket,naturalgrocers-dde59d,Natural Grocers,Natural Grocers,Q17146520,us,,0,Natural Grocers,natural-grocers,only_png,,natural-grocers.png
convenience,naturallawson-652b3e,ナチュラルローソン,NATURAL LAWSON,Q11323850,jp,,0,NATURAL LAWSON,natural-lawson,only_png,,natural-lawson.png
supermarket,naturalia-c16b1c,Naturalia,Naturalia,Q3337081,fr,,0,Naturalia,naturalia,both,naturalia.svg,naturalia.png
supermarket,naturasi-0cb133,NaturaSì,NaturaSì,Q60840755,it,,0,NaturaSì,naturasi,only_png,,naturasi.png
supermarket,naturesbasket-9ef8f9,Nature's Basket,Nature's Basket,Q28174237,in,,0,Nature's Basket,natures-basket,only_png,,natures-basket.png
convenience,needs-cff853,Needs,Needs,Q6986673,ca-nb.geojson|ca-nl.geojson|ca-ns.geojson|ca-pe.geojson,,1,Needs,needs,only_png,,needs.png
coffee,nespresso-d0bfaf,Nespresso,Nespresso,Q301301,001,,0,Nespresso,nespresso,both,nespresso.svg,nespresso.png
convenience,nestek-5dea79,Neste K,Neste K,Q42901270,fi,,0,Neste K,neste-k,only_png,,neste-k.png
convenience,neto-9d5235,Neto,Neto,Q113205593,mx,,0,Neto,neto,only_png,,neto.png
supermarket,netto-5dc877,Netto (Les Mousquetaires),Netto,Q2720988,fr|pt,,0,Netto,netto,both,netto.svg,netto.png
supermarket,netto-bc67ba,Netto (Salling),Netto,Q552652,de|dk|pl,,1,Netto,netto,both,netto.svg,netto.png
supermarket,nettocity-0a839e,Netto City,Netto City,Q879858,de,,0,Netto City,netto-city,only_png,,netto-city.png
beverages,nettogetrankediscount-c4cb62,Netto Getränke-Discount,Netto Getränke-Discount,Q879858,de,,0,Netto Getränke-Discount,netto-getranke-discount,no,,
supermarket,nettomarkendiscount-0a839e,Netto Marken-Discount,Netto Marken-Discount,Q879858,de,,0,Netto Marken-Discount,netto-marken-discount,only_png,,netto-marken-discount.png
supermarket,nettorama-5811b5,Nettorama,Nettorama,Q1828639,nl,,0,Nettorama,nettorama,only_svg,nettorama.svg,
supermarket,netto-0c58a2,Nettó (Ísland),Nettó,Q67205962,is,,0,Nettó,netto,both,netto.svg,netto.png
chocolate,neuhaus-04c57d,Neuhaus,Neuhaus,Q1813801,be|de|lu|nl|us,,0,Neuhaus,neuhaus,no,,
alcohol,newhampshireliquorandwineoutlet-05db77,New Hampshire Liquor & Wine Outlet,New Hampshire Liquor & Wine Outlets,Q98400557,us-nh.geojson,,1,New Hampshire Liquor & Wine Outlets,new-hampshire-liquor-wine-outlets,no,,
supermarket,newseasonsmarket-dde59d,New Seasons Market,New Seasons Market,Q7011463,us,,1,New Seasons Market,new-seasons-market,both,new-seasons-market.svg,new-seasons-market.png
supermarket,newworld-5dc426,New World,New World,Q7012488,nz,,0,New World,new-world,only_png,,new-world.png
convenience,newdays-652b3e,NewDays,NewDays,Q11234763,jp,,1,NewDays,newdays,only_png,,newdays.png
convenience,nightnday-7a43a8,Night 'n Day,Night 'n Day,Q111955183,nz,,0,Night 'n Day,night-n-day,only_png,,night-n-day.png
convenience,nightowl-0b0ae9,NightOwl,NightOwl,Q7033183,au,,0,NightOwl,nightowl,only_png,,nightowl.png
supermarket,nilgiris-9ef8f9,Nilgiri's,Nilgiri's,Q17079567,in,,1,Nilgiri's,nilgiris,no,,
variety_store,nille-1dc1f6,Nille,Nille,Q11991429,no,,0,Nille,nille,no,,
variety_store,ninso-14cb81,Ninso,Ninso,Q106959816,my,,0,Ninso,ninso,no,,
convenience,nisa-232829,Nisa,Nisa,Q16999069,gb,,2,Nisa,nisa,only_png,,nisa.png
convenience,nisaexpress-232829,Nisa Express,Nisa,Q16999069,gb,,0,Nisa,nisa,only_png,,nisa.png
supermarket,nisaextra-a8278b,Nisa Extra,Nisa Extra,Q16999069,gb,,0,Nisa Extra,nisa-extra,only_png,,nisa-extra.png
convenience,nisalocal-232829,Nisa Local,Nisa Local,Q16999069,gb,,0,Nisa Local,nisa-local,only_png,,nisa-local.png
nutrition_supplements,nlinternational-38b891,NL International,NL International,Q128230740,ru,,0,NL International,nl-international,no,,
supermarket,nofrills-76454b,No Frills,No Frills,Q3342407,ca,,0,No Frills,no-frills,only_png,,no-frills.png
bakery,nobis-3f448e,Nobis,Nobis,Q1994827,de,,0,Nobis,nobis,no,,
supermarket,nomi-9e6a6c,Nomi,Nomi,Q11792768,pl,,0,Nomi,nomi,only_png,,nomi.png
supermarket,norfaxl-dfbc25,Norfa XL,Norfa XL,Q1998983,lt,,0,Norfa XL,norfa-xl,only_png,,norfa-xl.png
supermarket,norma-c1eeeb,Norma,Norma,Q450180,at|cz|de|fr,,0,Norma,norma,only_svg,norma.svg,
supermarket,northernstore-76454b,Northern Store,Northern Store,Q7754361,ca,,0,Northern Store,northern-store,only_png,,northern-store.png
supermarket,northgatemarket-097dbf,Northgate Market,Northgate Market,Q124810943,us-ca.geojson,,3,Northgate Market,northgate-market,only_png,,northgate-market.png
pastry,nothingbundtcakes-e06bde,Nothing Bundt Cakes,Nothing Bundt Cakes,Q62082526,ca|us,,0,Nothing Bundt Cakes,nothing-bundt-cakes,no,,
convenience,nouria-ae58e4,Nouria,Nouria,Q120637476,us-ct.geojson|us-ma.geojson|us-me.geojson|us-nh.geojson|us-ri.geojson,,0,Nouria,nouria,only_png,,nouria.png
convenience,nousantigaspi-f6dc0a,NOUS anti-gaspi,NOUS anti-gaspi,Q130144283,fx,,0,NOUS anti-gaspi,nous-anti-gaspi,only_png,,nous-anti-gaspi.png
supermarket,novus-94881c,Novus,Novus,Q116748340,ua,,3,Novus,novus,only_png,,novus.png
variety_store,noz-efe747,NOZ,NOZ,Q3345688,fx,,0,NOZ,noz,only_png,,noz.png
supermarket,np-0a839e,NP,NP,Q15836148,de,,1,NP,np,no,,
supermarket,nsktradecity-80e9ee,NSK Trade City,NSK Trade City,Q106978506,my,,1,NSK Trade City,nsk-trade-city,only_png,,nsk-trade-city.png
alcohol,nslc-7529e3,NSLC,NSLC,Q17018587,ca-ns.geojson,,1,NSLC,nslc,no,,
convenience,ntl-5b00ff,NTL,NTL,Q6966095,hr,,0,NTL,ntl,no,,
supermarket,ntl-f279a1,NTL,NTL,Q6966095,hr,,0,NTL,ntl,no,,
supermarket,,FairPrice,NTUC FairPrice,Q6955519,sg,,1,NTUC FairPrice,ntuc-fairprice,no,,
supermarket,,FairPrice Finest,NTUC FairPrice,Q6955519,sg,,0,NTUC FairPrice,ntuc-fairprice,no,,
supermarket,,FairPrice Xtra,NTUC FairPrice,Q6955519,sg,,0,NTUC FairPrice,ntuc-fairprice,no,,
bakery,nurhier-3f448e,Nur Hier,Nur Hier,Q107985207,de,,0,Nur Hier,nur-hier,no,,
health_food,nutritionhouse-b5c6bb,Nutrition House,Nutrition House,Q112966431,ca,,0,Nutrition House,nutrition-house,no,,
nutrition_supplements,nutritionwarehouse-04bd48,Nutrition Warehouse,Nutrition Warehouse,Q117747424,au,,0,Nutrition Warehouse,nutrition-warehouse,no,,
supermarket,naerbutikken-ed9dd5,Nærbutikken,Nærbutikken,Q108810007,no,,0,Nærbutikken,nrbutikken,no,,
convenience,naerkob-f9ced2,Nærkøb,Nærkøb,Q138634124,dk,,1,Nærkøb,nrkb,no,,
convenience,osave-28d321,O!Save,O!Save,Q137685864,id|ph,,0,O!Save,o-save,only_png,,o-save.png
alcohol,obriens-986e1f,O'Briens Wine,O'Briens,Q113151266,ie,,0,O'Briens,obriens,no,,
convenience,obamarket-ef7cdd,Oba Market,Oba Market,Q106473053,az,,0,Oba Market,oba-market,only_png,,oba-market.png
pastry,oberweis-8e72cc,Oberweis,Oberweis,Q98815408,lu,,0,Oberweis,oberweis,no,,
dairy,oberweis-95235d,Oberweis,Oberweis,Q7074835,us,,0,Oberweis,oberweis,no,,
supermarket,obs-ed9dd5,Obs,Obs,Q5167707,no,,1,Obs,obs,only_png,,obs.png
variety_store,oceanstatejoblot-c85191,Ocean State Job Lot,Ocean State Job Lot,Q7076076,us,,0,Ocean State Job Lot,ocean-state-job-lot,no,,
convenience,odido-95f41b,Odido,Odido,Q106947294,pl,,0,Odido,odido,only_png,,odido.png
supermarket,odin-5811b5,Odin,Odin,Q114839627,nl,,0,Odin,odin,only_png,,odin.png
bakery,oebel-f4e057,Oebel,Oebel,Q116215714,de-nw.geojson,,0,Oebel,oebel,no,,
variety_store,offertissima-5f26ca,Offertissima,Offertissima,Q125751044,hr,,0,Offertissima,offertissima,no,,
bakery,ogiberri-e3bb42,Ogi Berri,Ogi Berri,Q116009401,es|fr,,0,Ogi Berri,ogi-berri,no,,
deli,oilandvinegar-0e839f,Oil & Vinegar,Oil & Vinegar,Q107987188,at|be|ch|de|jp|nl|ru|us,,0,Oil & Vinegar,oil-vinegar,no,,
convenience,okexpress-22d46f,OK Express,OK Express,Q116520407,na|sz|za,,0,OK Express,ok-express,no,,
supermarket,okfoods-6d06e8,OK Foods,OK Foods,Q116520377,na|sz|za,,1,OK Foods,ok-foods,only_png,,ok-foods.png
alcohol,okliquor-fbe625,OK Liquor,OK Liquor,Q116520424,na|sz|za,,0,OK Liquor,ok-liquor,no,,
convenience,okmarket-e95ed6,OK Market,OK Market,Q6047736,cl,,0,OK Market,ok-market,only_png,,ok-market.png
supermarket,okminimark-6d06e8,OK Minimark,OK Minimark,Q116520457,na|sz|za,,0,OK Minimark,ok-minimark,no,,
supermarket,okay-9f527a,Okay,Okay,Q2159701,be,,0,Okay,okay,only_png,,okay.png
convenience,okaycompact-425fa5,Okay Compact,Okay,Q2159701,be,,1,Okay,okay,only_png,,okay.png
wine,okwine-fd1c0f,OKWINE,OKWINE,Q116871133,ua,,0,OKWINE,okwine,no,,
convenience,circlek-9729f7,OK便利店,OK便利店,Q3268010,cn,hk|mo,2,OK便利店,ok,only_svg,ok.svg,
convenience,circlek-132595,OK便利店 Circle K,OK便利店 Circle K,Q3268010,hk|mo,,1,OK便利店 Circle K,ok-circle-k,no,,
convenience,okmart-aa89a7,OK超商,OK超商,Q10851968,tw,,0,OK超商,ok,only_svg,ok.svg,
bakery,oleandsteen-f904a1,Ole & Steen,Ole & Steen,Q12323572,gb-eng|us-ny-new_york_city.geojson,,0,Ole & Steen,ole-steen,no,,
variety_store,olliesbargainoutlet-c85191,Ollie's Bargain Outlet,Ollie's Bargain Outlet,Q7088304,us,,0,Ollie's Bargain Outlet,ollies-bargain-outlet,no,,
supermarket,olimpica-271a34,Olímpica,Olímpica,Q24749847,co,,0,Olímpica,olimpica,only_png,,olimpica.png
butcher,omahasteaks-523a1c,Omaha Steaks,Omaha Steaks,Q7089458,us,,0,Omaha Steaks,omaha-steaks,no,,
convenience,ontherun-4d6b4b,On the Run,On the Run,Q16931259,001,,0,On the Run,on-the-run,only_png,,on-the-run.png
convenience,onestop-232829,One Stop,One Stop,Q65954217,gb,,0,One Stop,one-stop,no,,
convenience,oneoone-8978c5,One-O-One,One-O-One,Q131863290,gb-sct,,0,One-O-One,one-o-one,only_png,,one-o-one.png
variety_store,onebeyond-622078,OneBeyond,OneBeyond,Q65079443,gb,,1,OneBeyond,onebeyond,no,,
supermarket,onurmarket-5b5772,Onur Market,Onur Market,Q127273067,tr,,0,Onur Market,onur-market,only_png,,onur-market.png
convenience,orlen-95f41b,Orlen,Orlen,Q971649,pl,,0,Orlen,orlen,only_png,,orlen.png
beverages,orterergetrankemarkt-c4cb62,Orterer Getränkemarkt,Orterer Getränkemarkt,Q23787118,de,,0,Orterer Getränkemarkt,orterer-getrankemarkt,no,,
supermarket,osherad-6b65f1,אושר עד,Osher Ad,Q31198118,il,,0,Osher Ad,osher-ad,no,,
bakery,oskroba-839c38,Oskroba,Oskroba,Q109323856,pl,,1,Oskroba,oskroba,no,,
convenience,otr-0b0ae9,OTR,OTR,Q116394019,au,,0,OTR,otr,only_png,,otr.png
bakery,otrebusy-839c38,Otrębusy,Otrębusy,Q136806617,pl,,0,Otrębusy,otrebusy,no,,
variety_store,ottos-793388,Otto's,Otto's,Q2041507,ch,,0,Otto's,ottos,only_png,,ottos.png
tea,oxalis-cec35b,Oxalis,Oxalis,Q54948754,cz|sk,,0,Oxalis,oxalis,no,,
convenience,oxxo-8364f9,Oxxo,Oxxo,Q1342538,br|cl|co|cr|mx|pe|us,,0,Oxxo,oxxo,only_png,,oxxo.png
supermarket,paknsave-5dc426,PAK'nSAVE,PAK'nSAVE,Q7125339,nz,,0,PAK'nSAVE,paknsave,only_png,,paknsave.png
supermarket,palace-bfc6b6,Palace (Ghana),Palace,Q130376211,gh,,1,Palace,palace,only_png,,palace.png
tea,palaisdesthes-9d2342,Palais des Thés,Palais des Thés,Q3225161,be|fr|ge|il|lu|no|ru,,0,Palais des Thés,palais-des-thes,no,,
supermarket,pali-ff0cfa,Palí,Palí,Q1064887,cr|ni,,0,Palí,pali,only_png,,pali.png
supermarket,pam-d52198,Pam,Pam,Q105615038,ch|it,,0,Pam,pam,no,,
convenience,pamlocal-1aaf3e,Pam Local,Pam Local,Q105614389,it,,0,Pam Local,pam-local,only_png,,pam-local.png
bakery,pandemanila-b6c45f,Pan de Manila,Pan de Manila,Q130382308,ph,,0,Pan de Manila,pan-de-manila,no,,
bakery,panpaya-db8524,Pan Pa' Ya!,Pan Pa' Ya!,Q131744932,co,,0,Pan Pa' Ya!,pan-pa-ya,no,,
bakery,panpek-0cc7ae,Pan-pek,Pan-pek,Q125813932,hr,,0,Pan-pek,pan-pek,no,,
supermarket,panamericana-3bce4c,Panamericana,Panamericana,,cu,,0,Panamericana,panamericana,no,,
convenience,panamericana-915f01,Panamericana,Panamericana,,cu,,0,Panamericana,panamericana,no,,
convenience,paniersympa-f6dc0a,Panier Sympa,Panier Sympa,Q118129533,fx,,0,Panier Sympa,panier-sympa,no,,
bakery,panishop-0ef3f4,Panishop,Panishop,Q108472015,es,,0,Panishop,panishop,no,,
variety_store,pantaitimormart-14cb81,Pantai Timor Mart,Pantai Timor Mart,Q106989381,my,,0,Pantai Timor Mart,pantai-timor-mart,no,,
bakery,pappert-3f448e,Pappert,Pappert,Q28549952,de,,2,Pappert,pappert,no,,
convenience,parmarstores-f1e40b,Par Mar Stores,Par Mar Stores,Q110622206,us,,0,Par Mar Stores,par-mar-stores,only_png,,par-mar-stores.png
bakery,parisbaguette-f87f10,Paris Baguette,Paris Baguette,Q62605260,ca|sg|us|vn,,1,Paris Baguette,paris-baguette,no,,
variety_store,pasarekonomieconsave-14cb81,Pasar Ekonomi Econsave,Pasar Ekonomi Econsave,Q61776608,my,,0,Pasar Ekonomi Econsave,pasar-ekonomi-econsave,no,,
convenience,patanjalistore-bb430b,Patanjali Store,Patanjali Ayurved,Q19856023,in,,0,Patanjali Ayurved,patanjali-ayurved,only_png,,patanjali-ayurved.png
supermarket,patelbrothers-dde59d,Patel Brothers,Patel Brothers,Q55641396,us,,0,Patel Brothers,patel-brothers,both,patel-brothers.svg,patel-brothers.png
pastry,limburgia-b5394e,Patisserie Limburgia,Patisserie Limburgia,Q123524360,nl,,0,Patisserie Limburgia,patisserie-limburgia,no,,
bakery,paul-652955,Paul,Paul,Q3370417,ae|az|be|bh|by|ci|cy|cz|eg|es|fr|ga|gb|ge|gr|id|in|jo|jp|kw|kz|lb|lu|ma|mu|my|om|pa|ph|pl|pt|qa|ro|ru|sa|sg|th|tn|tw|ua|us|uz|vn|za,,0,Paul,paul,no,,
supermarket,pavilions-dde59d,Pavilions,Pavilions,Q7155886,us,,0,Pavilions,pavilions,both,pavilions.svg,pavilions.png
pastry,pawlowicz-6e7edc,Pawłowicz,Pawłowicz,Q113232485,pl,,0,Pawłowicz,pawowicz,no,,
supermarket,pcccommunitymarket-1ee4c3,PCC Community Markets,PCC Community Markets,Q7118517,us-wa.geojson,,0,PCC Community Markets,pcc-community-markets,no,,
convenience,pdv-ee1d1f,PDV,PDV,,ve,,0,PDV,pdv,no,,
supermarket,peacockstore-d02e4f,ピーコックストア,PEACOCK STORE,Q11331715,jp-12.geojson|jp-13.geojson|jp-14.geojson,,0,PEACOCK STORE,peacock-store,no,,
bakery,pekara-1ddcc2,Pekara,Pekara,,150,,0,Pekara,pekara,no,,
supermarket,penny-55dfd6,Penny,Penny,Q284688,at|cz|de|hu|it|ro,,2,Penny,penny,only_svg,penny.svg,
spices,penzeysspices-bcf057,Penzeys Spices,Penzeys Spices,Q7165435,us,,1,Penzeys Spices,penzeys-spices,no,,
convenience,persu-3015fb,PerSu,PerSu,Q115574817,rs,,0,PerSu,persu,only_png,,persu.png
pet,petcenter-09e3e7,Pet Center,Pet Center,Q58607477,cz|sk,,0,Pet Center,pet-center,no,,
pet,petfoodexpress-ae290d,Pet Food Express,Pet Food Express,Q7171541,us-ca.geojson,,0,Pet Food Express,pet-food-express,no,,
pet,petplanet-852051,Pet Planet,Pet Planet,Q133566481,ca-ab.geojson|ca-bc.geojson|ca-sk.geojson|us-az.geojson,,0,Pet Planet,pet-planet,no,,
pet,petsupermarket-81a22d,Pet Supermarket,Pet Supermarket,Q61968363,us,,0,Pet Supermarket,pet-supermarket,no,,
pet,petsuppliesplus-81a22d,Pet Supplies Plus,Pet Supplies Plus,Q7171563,us,,0,Pet Supplies Plus,pet-supplies-plus,no,,
pet,petvalu-e394eb,Pet Valu,Pet Valu,Q58009635,ca|us,,0,Pet Valu,pet-valu,no,,
pet,petbarn-26188c,Petbarn,Petbarn,Q104746468,au,,0,Petbarn,petbarn,no,,
pet,petco-1d9238,Petco,Petco,Q7171798,mx|us,,0,Petco,petco,only_png,,petco.png
supermarket,petesmarket-5ca8e2,Pete's Market,Pete's Market,Q118793358,us-il.geojson,,0,Pete's Market,petes-market,only_png,,petes-market.png
bakery,petersgutebackstube-3f448e,Peters gute Backstube,Peters gute Backstube,Q67987587,de,,0,Peters gute Backstube,peters-gute-backstube,no,,
convenience,petitcasino-4d6b4b,Petit Casino,Petit Casino,,001,,0,Petit Casino,petit-casino,no,,
pet,petland-81a22d,Petland,Petland,Q17111474,us,,0,Petland,petland,no,,
pet,petmall-33ac80,Petmall,Petmall,Q117306739,bg,,0,Petmall,petmall,no,,
pet,petmania-7c67e0,Petmania,Petmania,Q113281278,ie,,0,Petmania,petmania,no,,
pet,petmark-fc1a4b,Petmark,Petmark,Q133849688,it,,0,Petmark,petmark,no,,
pet,petpeople-81a22d,PetPeople,PetPeople,Q110706432,us,,0,PetPeople,petpeople,no,,
convenience,petrocanada-eea72f,Petro-Canada,Petro-Canada,Q1208279,ca,,0,Petro-Canada,petro-canada,both,petro-canada.svg,petro-canada.png
convenience,petrobras-bf26cc,Petrobras,Petrobras,,005,,0,Petrobras,petrobras,only_png,,petrobras.png
pet,petsathome-8ec028,Pets at Home,Pets at Home,Q7179258,gb,,1,Pets at Home,pets-at-home,no,,
pet,petscorner-8ec028,Pets Corner,Pets Corner,Q17018476,gb,,0,Pets Corner,pets-corner,no,,
pet,petsplace-734485,Pets Place,Pets Place,Q116951772,nl,,0,Pets Place,pets-place,no,,
pet,petsplaceboerenbond-734485,Pets Place - Boerenbond,Pets Place - Boerenbond,Q2403854,nl,,0,Pets Place - Boerenbond,pets-place-boerenbond,no,,
pet,petshopscience-a90b39,Petshop Science,Petshop Science,Q129202801,za,,0,Petshop Science,petshop-science,no,,
pet,petshopru-13b7f6,Petshop.ru,Petshop.ru,Q109947790,ru,,0,Petshop.ru,petshop-ru,no,,
pet,petsmart-e394eb,PetSmart,PetSmart,Q3307147,ca|us,,0,PetSmart,petsmart,no,,
pet,petstock-26188c,Petstock,Petstock,Q106540728,au,,0,Petstock,petstock,no,,
pet,petstop-7c67e0,Petstop,Petstop,Q113197342,ie,,0,Petstop,petstop,no,,
pet,petworld-7c67e0,Petworld,Petworld,Q118139531,ie,,0,Petworld,petworld,no,,
pet,petz-df7a1d,Petz,Petz,Q28680851,br,,0,Petz,petz,no,,
variety_store,pfennigpfeiffer-9f9d31,Pfennigpfeiffer,Pfennigpfeiffer,Q2083618,de,,0,Pfennigpfeiffer,pfennigpfeiffer,no,,
convenience,phillips66-f1e40b,Phillips 66,Phillips 66,Q1656230,us,,0,Phillips 66,phillips-66,both,phillips-66.svg,phillips-66.png
frozen_food,picard-fd35ee,Picard,Picard,Q3382454,be|fr|lu,,2,Picard,picard,only_png,,picard.png
supermarket,picknsave-905e35,Pick 'n Save,Pick 'n Save,Q7371288,us-wi.geojson,,0,Pick 'n Save,pick-n-save,only_png,,pick-n-save.png
supermarket,picknpay-978c99,Pick n Pay,Pick n Pay,Q7190735,bw|ls|na|ng|sz|za|zm,,3,Pick n Pay,pick-n-pay,both,pick-n-pay.svg,pick-n-pay.png
convenience,picknpayexpress-c7b713,Pick n Pay Express,Pick n Pay Express,Q122764443,za,,0,Pick n Pay Express,pick-n-pay-express,only_png,,pick-n-pay-express.png
supermarket,picknpayhyper-f9f648,Pick n Pay Hyper,Pick n Pay Hyper,Q128791977,za,,2,Pick n Pay Hyper,pick-n-pay-hyper,only_png,,pick-n-pay-hyper.png
alcohol,picknpayliquor-fa6f87,Pick n Pay Liquor,Pick n Pay Liquor,Q122764458,bw|ls|na|ng|sz|za|zm,,0,Pick n Pay Liquor,pick-n-pay-liquor,no,,
bakery,piekarenka-839c38,Piekarenka,Piekarenka,,pl,,0,Piekarenka,piekarenka,no,,
bakery,piekarniaszwajcarska-839c38,Piekarnia Szwajcarska,Piekarnia Szwajcarska,Q113308253,pl,,0,Piekarnia Szwajcarska,piekarnia-szwajcarska,no,,
supermarket,pigglywiggly-ebd18b,Piggly Wiggly,Piggly Wiggly,Q3388303,gb|us,,0,Piggly Wiggly,piggly-wiggly,only_png,,piggly-wiggly.png
convenience,pilot-16ec4d,Pilot,Pilot,Q64128179,ca|us,,1,Pilot,pilot,only_png,,pilot.png
supermarket,pingodoce-a14fce,Pingo Doce,Pingo Doce,Q1575057,pt,,0,Pingo Doce,pingo-doce,only_png,,pingo-doce.png
convenience,plaidpantry-f1e40b,Plaid Pantry,Plaid Pantry,Q7200591,us,,0,Plaid Pantry,plaid-pantry,only_png,,plaid-pantry.png
supermarket,planetorganic-f2cb37,Planet Organic,Planet Organic,Q24298870,gb-lon.geojson,,0,Planet Organic,planet-organic,only_png,,planet-organic.png
supermarket,plazavea-acfc90,Plaza Vea,Plaza Vea,Q7203672,pe,,0,Plaza Vea,plaza-vea,only_png,,plaza-vea.png
supermarket,plodine-f279a1,Plodine,Plodine,Q58040098,hr,,0,Plodine,plodine,both,plodine.svg,plodine.png
supermarket,plus-5811b5,PLUS,PLUS,Q1978981,nl,,0,PLUS,plus,both,plus.svg,plus.png
supermarket,plusfresc-774072,Plusfresc,Plusfresc,Q111373081,ad|es,,0,Plusfresc,plusfresc,only_png,,plusfresc.png
bakery,podtelegrafem-839c38,Pod Telegrafem,Pod Telegrafem,,pl,,0,Pod Telegrafem,pod-telegrafem,no,,
supermarket,poiesz-5811b5,Poiesz,Poiesz,Q2521700,nl,,0,Poiesz,poiesz,only_png,,poiesz.png
supermarket,polomarket-9e6a6c,POLOmarket,POLOmarket,Q11821937,pl,,0,POLOmarket,polomarket,only_png,,polomarket.png
convenience,ponttogo-a7773e,Pont to go,Pont to go,Q138807123,cz,,0,Pont to go,pont-to-go,only_png,,pont-to-go.png
nutrition_supplements,popeyessupplements-be7a88,Popeye's Supplements,Popeye's Supplements,Q71096495,ca,,1,Popeye's Supplements,popeyes-supplements,no,,
variety_store,popshelf-c85191,pOpshelf,pOpshelf,Q119994868,us,,0,pOpshelf,popshelf,no,,
variety_store,postenborse-9f9d31,Postenbörse,Postenbörse,Q100780033,de,,0,Postenbörse,postenborse,no,,
bakery,poundbakery-680575,Poundbakery,Poundbakery,Q21061591,gb,,0,Poundbakery,poundbakery,no,,
variety_store,poundland-622078,Poundland,Poundland,Q1434528,gb,,0,Poundland,poundland,only_png,,poundland.png
variety_store,poundstretcher-622078,Poundstretcher,Poundstretcher,Q7235675,gb,,0,Poundstretcher,poundstretcher,no,,
convenience,premier-232829,Premier,Premier,Q7240340,gb,,1,Premier,premier,no,,
convenience,premierexpress-232829,Premier Express,Premier Express,,gb,,0,Premier Express,premier-express,no,,
alcohol,prestons-cebc42,Prestons,Prestons Liquor Stores,Q116861728,za,,0,Prestons Liquor Stores,prestons-liquor-stores,no,,
supermarket,pricechopper-7d1b36,Price Chopper (New England),Price Chopper,Q7242574,us-ct.geojson|us-ma.geojson|us-nh.geojson|us-ny.geojson|us-pa.geojson|us-vt.geojson,,0,Price Chopper,price-chopper,only_png,,price-chopper.png
supermarket,pricechopper-8741a7,Price Chopper (Kansas City),Price Chopper,Q7242572,us-ks.geojson|us-mo.geojson,,0,Price Chopper,price-chopper,only_png,,price-chopper.png
supermarket,pricerite-dde59d,Price Rite,Price Rite,Q7242560,us,,0,Price Rite,price-rite,only_png,,price-rite.png
supermarket,primaprix-2a2242,Primaprix,Primaprix,Q112691161,es|fr|pt,,0,Primaprix,primaprix,only_png,,primaprix.png
supermarket,prisma-c9c76a,Prisma,Prisma,Q12047031,ee|fi|ru,,0,Prisma,prisma,only_png,,prisma.png
convenience,privat-58d40d,Privát,Privát,Q115606854,hu,,0,Privát,privat,only_png,,privat.png
supermarket,privatmax-478515,Privát Max,Privát Max,Q115606854,hu,,0,Privát Max,privat-max,only_png,,privat-max.png
supermarket,prix-0cb133,Prix,Prix,Q61994819,it,,1,Prix,prix,only_png,,prix.png
greengrocer,producejunction-c8a79f,Produce Junction,Produce Junction,Q60583541,us,,0,Produce Junction,produce-junction,no,,
supermarket,profi-8721fd,Profi,Profi,Q956664,be|hu|ro,,0,Profi,profi,only_png,,profi.png
supermarket,proficity-62a473,Profi City,Profi,Q956664,ro,,0,Profi,profi,only_png,,profi.png
convenience,profigo-597303,Profi Go,Profi,Q956664,ro,,0,Profi,profi,only_png,,profi.png
supermarket,profiloco-62a473,Profi Loco,Profi,Q956664,ro,,0,Profi,profi,only_png,,profi.png
supermarket,profisuper-62a473,Profi Super,Profi,Q956664,ro,,0,Profi,profi,only_png,,profi.png
alcohol,prolicor-ed57fa,Prolicor,Prolicor,,ve,,0,Prolicor,prolicor,no,,
supermarket,prostore-a384d0,ProStore,ProStore,Q136696149,by,,0,ProStore,prostore,no,,
greengrocer,provenchalles-b3c71a,Provenc'halles,Provenc'halles,Q130162911,fr,,0,Provenc'halles,provenchalles,no,,
supermarket,provigo-76454b,Provigo,Provigo,Q3408306,ca,,0,Provigo,provigo,no,,
convenience,proxi-6fdfa6,Proxi,Proxi,Q3408522,ch|fr,,1,Proxi,proxi,only_png,,proxi.png
supermarket,proxisuper-f97dff,Proxi Super,Proxi,Q3408522,ch|fr,,0,Proxi,proxi,only_png,,proxi.png
bakery,przystanekpiekarnia-839c38,Przystanek Piekarnia,Przystanek Piekarnia,Q113228396,pl,,0,Przystanek Piekarnia,przystanek-piekarnia,no,,
wholesale,ptacek-66d7f7,Ptáček,Ptáček,Q58195153,cz|sk,,0,Ptáček,ptacek,no,,
supermarket,publix-dde59d,Publix,Publix,Q672170,us,,1,Publix,publix,both,publix.svg,publix.png
supermarket,pueblo-dde59d,Pueblo,Pueblo,Q7258464,us,,0,Pueblo,pueblo,only_png,,pueblo.png
convenience,punto-e95ed6,Punto,Punto,,cl,,0,Punto,punto,no,,
chocolate,purdyschocolatier-a30910,Purdys Chocolatier,Purdys Chocolatier,Q7261007,ca,,0,Purdys Chocolatier,purdys-chocolatier,no,,
supermarket,puregold-49e134,Puregold,Puregold,Q7261170,ph,,0,Puregold,puregold,only_svg,puregold.svg,
convenience,puremart-fb2210,Puremart,Puremart,,ph,,0,Puremart,puremart,no,,
bakery,putka-839c38,Putka,Putka,Q113093586,pl,,0,Putka,putka,no,,
supermarket,paodeacucar-14dbfa,Pão de Açúcar,Pão de Açúcar,Q3411543,br|pt,,0,Pão de Açúcar,pao-de-acucar,only_png,,pao-de-acucar.png
pet,qpets-f292b1,Q-PETs,Q-PETs,Q116986240,hk,,0,Q-PETs,q-pets,no,,
convenience,qazaqoil-7ad3ae,Qazaq Oil,Qazaq Oil,Q115190155,kz,,0,Qazaq Oil,qazaq-oil,only_png,,qazaq-oil.png
supermarket,qfc-71f46e,QFC,QFC,Q7265425,us-or.geojson|us-wa.geojson,,0,QFC,qfc,only_png,,qfc.png
pet,qualipet-c04507,Qualipet,Qualipet,Q15841340,ch,,0,Qualipet,qualipet,no,,
convenience,qualitymart-f1e40b,Quality Mart,Quality Mart,Q66134834,us,,0,Quality Mart,quality-mart,only_png,,quality-mart.png
convenience,quickchek-f1e40b,QuickChek,QuickChek,Q7271689,us,,0,QuickChek,quickchek,only_png,,quickchek.png
convenience,quickie-f902d0,Quickie,Quickie,Q123410085,ca-on.geojson|ca-qc.geojson,,0,Quickie,quickie,only_png,,quickie.png
supermarket,quickmart-d512c0,QuickMart,QuickMart,Q113012659,ke,,0,QuickMart,quickmart,only_png,,quickmart.png
convenience,quickshop-f91e9c,Quickshop,Quickshop,Q122764368,bw|ls|mu|na|za,,0,Quickshop,quickshop,no,,
convenience,quikstop-f1e40b,Quik Stop,Quik Stop,Q105141709,us,,0,Quik Stop,quik-stop,no,,
convenience,quiktrip-4d6b4b,QuikTrip,QuikTrip,Q7271953,001,,0,QuikTrip,quiktrip,only_png,,quiktrip.png
convenience,rabat-95f41b,Rabat Detal,Rabat Detal,Q133275922,pl,,0,Rabat Detal,rabat-detal,only_png,,rabat-detal.png
supermarket,rabba-388e9d,Rabba,Rabba,Q109659398,ca-on.geojson,,1,Rabba,rabba,only_png,,rabba.png
convenience,racetrac-f1e40b,RaceTrac,RaceTrac,Q735942,us,,0,RaceTrac,racetrac,only_png,,racetrac.png
convenience,raceway-f1e40b,RaceWay,RaceWay,Q73039084,us,,0,RaceWay,raceway,only_png,,raceway.png
supermarket,raleys-097dbf,Raley's,Raley's,Q7286970,us-ca.geojson,,0,Raley's,raleys,only_png,,raleys.png
supermarket,ralphs-dde59d,Ralphs,Ralphs,Q3929820,us,,0,Ralphs,ralphs,both,ralphs.svg,ralphs.png
supermarket,ralsemart-c0ae3d,ラルズマート,RALSE MART,Q11347482,jp-01.geojson,,0,RALSE MART,ralse-mart,no,,
convenience,rapo-a7773e,Rapo,Rapo,Q138357241,cz,,1,Rapo,rapo,only_png,,rapo.png
convenience,rationshop-bb430b,Ration Shop,Ration Shop,Q60901,in,,0,Ration Shop,ration-shop,no,,
supermarket,raysfoodplace-dde59d,Ray's Food Place,Ray's Food Place,Q108163041,us,,0,Ray's Food Place,rays-food-place,only_png,,rays-food-place.png
supermarket,realcanadiansuperstore-76454b,Real Canadian Superstore,Real Canadian Superstore,Q7300856,ca,,0,Real Canadian Superstore,real-canadian-superstore,only_png,,real-canadian-superstore.png
convenience,rebel-f1e40b,Rebel,Rebel,Q131870508,us,,0,Rebel,rebel,only_png,,rebel.png
variety_store,redapple-f36c63,Red Apple,Red Apple,,ca,,1,Red Apple,red-apple,no,,
convenience,redapplefoodmart-2b4f5e,Red Apple Food Mart (Kwik Fill),Red Apple Food Mart,Q127305205,us-ny.geojson|us-oh.geojson|us-pa.geojson,,0,Red Apple Food Mart,red-apple-food-mart,only_png,,red-apple-food-mart.png
convenience,redapplefoodmart-301392,Red Apple Food Mart (Mississippi),Red Apple Food Mart,Q114343337,us-ms.geojson,,0,Red Apple Food Mart,red-apple-food-mart,only_png,,red-apple-food-mart.png
bakery,redribbon-657c23,Red Ribbon,Red Ribbon,Q7304789,ph|us,,0,Red Ribbon,red-ribbon,no,,
convenience,reddyexpress-0b0ae9,Reddy Express,Reddy Express,Q5144653,au,,1,Reddy Express,reddy-express,no,,
supermarket,redners-dde59d,Redner's,Redner's,Q7306166,us,,1,Redner's,redners,no,,
health_food,reformhausbacher-f6f874,Reformhaus Bacher,Reformhaus Bacher,Q19816424,de,,0,Reformhaus Bacher,reformhaus-bacher,only_png,,reformhaus-bacher.png
health_food,reformhausengelhardt-f6f874,Reformhaus Engelhardt,Reformhaus Engelhardt,Q107710967,de,,0,Reformhaus Engelhardt,reformhaus-engelhardt,no,,
health_food,reformstarkmartin-26a810,reformstark Martin,reformstark Martin,Q113662530,at,,2,reformstark Martin,reformstark-martin,no,,
convenience,refuel-1f6b75,Refuel,Refuel,Q124987140,us-ar.geojson|us-ms.geojson|us-nc.geojson|us-sc.geojson|us-tx.geojson,,1,Refuel,refuel,only_png,,refuel.png
supermarket,reliancefresh-9ef8f9,Reliance Fresh,Reliance Fresh,Q7311014,in,,0,Reliance Fresh,reliance-fresh,no,,
supermarket,rema1000-2b56aa,Rema 1000,Rema 1000,Q28459,dk|no,,0,Rema 1000,rema-1000,only_png,,rema-1000.png
butcher,renmans-533183,Renmans,Renmans,Q63184410,be,,0,Renmans,renmans,no,,
butcher,res-e3b2fd,Res,Res,,ar|cl,,0,Res,res,no,,
herbalist,reviveherbalhealth-455c0f,Revive Herbal Health,Revive Herbal Health,Q116498098,za,,0,Revive Herbal Health,revive-herbal-health,no,,
supermarket,rewe-0a839e,Rewe,Rewe,Q16968817,de,,0,Rewe,rewe,both,rewe.svg,rewe.png
supermarket,rewecity-0a839e,Rewe City,Rewe,Q16968817,de,,0,Rewe,rewe,both,rewe.svg,rewe.png
beverages,rewegetrankemarkt-c4cb62,REWE Getränkemarkt,REWE Getränkemarkt,Q57519344,de,,0,REWE Getränkemarkt,rewe-getrankemarkt,only_png,,rewe-getrankemarkt.png
convenience,rewetogo-60c7fe,REWE To Go,REWE To Go,Q85224313,de,,0,REWE To Go,rewe-to-go,only_png,,rewe-to-go.png
supermarket,real-478515,Reál,Reál,Q100741414,hu,,2,Reál,real,both,real.svg,real.png
convenience,real-58d40d,Reál,Reál,Q100741414,hu,,2,Reál,real,both,real.svg,real.png
convenience,rhodes-37aedb,Rhodes,Rhodes,Q114570150,us-il.geojson|us-mo.geojson,,1,Rhodes,rhodes,no,,
supermarket,ribola-f279a1,Ribola,Ribola,Q65124070,hr,,0,Ribola,ribola,only_png,,ribola.png
butcher,richtererzgebirge-4d0b4d,Richter Erzgebirge,Richter Erzgebirge,Q111699465,de,,0,Richter Erzgebirge,richter-erzgebirge,no,,
bakery,richtersaltstadtbackerei-3f448e,Richters Altstadt-Bäckerei,Richters Altstadt-Bäckerei,Q66212346,de,,0,Richters Altstadt-Bäckerei,richters-altstadt-backerei,no,,
convenience,rimiexpress-495118,Rimi Express,Rimi,Q3741108,ee|lt|lv,,0,Rimi,rimi,only_png,,rimi.png
supermarket,rimihyper-45f6bc,Rimi Hyper,Rimi,Q3741108,ee|lt|lv,,0,Rimi,rimi,only_png,,rimi.png
supermarket,rimimini-043b09,Rimi Mini,Rimi,Q3741108,ee|lv,,0,Rimi,rimi,only_png,,rimi.png
supermarket,rimisuper-45f6bc,Rimi Super,Rimi,Q3741108,ee|lt|lv,,0,Rimi,rimi,only_png,,rimi.png
wine,rindchensweinkontor-074acf,Rindchen's Weinkontor,Rindchen's Weinkontor,Q110713478,de,,0,Rindchen's Weinkontor,rindchens-weinkontor,no,,
bakery,rischart-3f448e,Rischart,Rischart,Q2154631,de,,2,Rischart,rischart,no,,
supermarket,ritchies-c254c9,Ritchies,Ritchies,Q7336696,au,,0,Ritchies,ritchies,only_png,,ritchies.png
convenience,roadranger-f1e40b,Road Ranger,Road Ranger,Q7339377,us,,0,Road Ranger,road-ranger,only_png,,road-ranger.png
convenience,robinsonseasymart-fb2210,Robinsons Easymart,Robinsons Easymart,Q119853709,ph,,0,Robinsons Easymart,robinsons-easymart,only_png,,robinsons-easymart.png
supermarket,robinsonssupermarket-49e134,Robinsons Supermarket,Robinsons Supermarket,Q7353143,ph,,0,Robinsons Supermarket,robinsons-supermarket,only_png,,robinsons-supermarket.png
convenience,rocket-db1ce1,Rocket,Rocket,Q121513516,us-ca.geojson|us-co.geojson|us-or.geojson|us-wa.geojson,,0,Rocket,rocket,only_png,,rocket.png
supermarket,roda-b83687,Roda,Roda,Q21446192,rs,,0,Roda,roda,only_png,,roda.png
nuts,rois-f85d29,Rois,Rois,Q110399902,bg,,0,Rois,rois,no,,
bakery,rondedespains-a38521,Ronde des Pains,Ronde des Pains,Q3441707,be|fr,,0,Ronde des Pains,ronde-des-pains,no,,
supermarket,rosauers-e2c16a,Rosauers,Rosauers,Q7367458,us-id.geojson|us-mt.geojson|us-or.geojson|us-wa.geojson,,0,Rosauers,rosauers,only_png,,rosauers.png
bakery,rosebakeshop-4f9c7f,Rose Bakeshop,Rose Bakeshop,,001,,0,Rose Bakeshop,rose-bakeshop,no,,
variety_store,roses-c85191,Roses,Roses,Q7368644,us,,0,Roses,roses,no,,
bakery,rotio-a78b8f,Roti'O,Roti'O,Q124354233,id,,0,Roti'O,rotio,no,,
bakery,rotiboy-ebdfa2,Rotiboy,Rotiboy,Q2168802,ar|id|kr|ms|th,,0,Rotiboy,rotiboy,no,,
convenience,rottenrobbie-f1e40b,Rotten Robbie,Rotten Robbie,Q87378070,us,,0,Rotten Robbie,rotten-robbie,only_png,,rotten-robbie.png
supermarket,rouses-dde59d,Rouses,Rouses,Q7371327,us,,0,Rouses,rouses,only_png,,rouses.png
convenience,royalfarms-f1e40b,Royal Farms,Royal Farms,Q7374169,us,,0,Royal Farms,royal-farms,only_png,,royal-farms.png
supermarket,rulerfoods-dde59d,Ruler Foods,Ruler Foods,Q17125470,us,,0,Ruler Foods,ruler-foods,only_png,,ruler-foods.png
variety_store,rusta-426073,Rusta,Rusta,Q10658096,de|fi|no|se,,0,Rusta,rusta,only_png,,rusta.png
convenience,rutters-f1e40b,Rutter's,Rutter's,Q7383544,us,,0,Rutter's,rutters,only_png,,rutters.png
convenience,ruedu-07a460,Rüedu,Rüedu,Q112913831,ch,,0,Rüedu,ruedu,only_png,,ruedu.png
health_food,sandhhealthfoods-59b094,S&H Health Foods,S&H Health Foods,Q133255776,ca-mb.geojson|ca-on.geojson,,0,S&H Health Foods,s-h-health-foods,no,,
wholesale,sandrmembershipshopping-fc4d00,S&R Membership Shopping,S&R Membership Shopping,Q109827302,ph,,1,S&R Membership Shopping,s-r-membership-shopping,no,,
supermarket,smarket-46d3b7,S-market,S-market,Q11891613,fi,,0,S-market,s-market,no,,
supermarket,smart-9b2dfb,S-Mart,S-Mart,Q7387069,mx,,1,S-Mart,s-mart,only_png,,s-mart.png
pastry,sadaharuaoki-1cea9f,Sadaharu Aoki,Sadaharu Aoki,Q3461079,fr|jp,,0,Sadaharu Aoki,sadaharu-aoki,no,,
supermarket,safeway-76454b,Safeway (Canada),Safeway,Q17111901,ca,,0,Safeway,safeway,both,safeway.svg,safeway.png
supermarket,safeway-dde59d,Safeway (USA),Safeway,Q1508234,us,,0,Safeway,safeway,both,safeway.svg,safeway.png
beverages,sagasser-c4cb62,Sagasser,Sagasser,Q30838417,de,,0,Sagasser,sagasser,no,,
supermarket,sainsburys-a8278b,Sainsbury's,Sainsbury's,Q152096,gb,,1,Sainsbury's,sainsburys,only_png,,sainsburys.png
convenience,sainsburyslocal-232829,Sainsbury's Local,Sainsbury's Local,Q13218434,gb,,0,Sainsbury's Local,sainsburys-local,only_png,,sainsburys-local.png
convenience,sale-5dea79,Sale,Sale,Q11892046,fi,,0,Sale,sale,only_svg,sale.svg,
wholesale,samsclub-d2fd48,Sam's Club,Sam's Club,Q1972120,br|mx|us,,0,Sam's Club,sams-club,both,sams-club.svg,sams-club.png
bakery,sandersbackstube-3f448e,sander's backstube,sander's backstube,Q66207337,de,,1,sander's backstube,sanders-backstube,no,,
supermarket,santaisabel-d25066,Santa Isabel,Santa Isabel,Q7419620,cl,,0,Santa Isabel,santa-isabel,both,santa-isabel.svg,santa-isabel.png
bakery,santagloria-61d4aa,Santagloria,Santagloria,Q54606497,ad|es,,0,Santagloria,santagloria,no,,
alcohol,saq-c2c781,SAQ,SAQ,Q3488077,ca,,0,SAQ,saq,no,,
alcohol,saqexpress-ebcba4,SAQ Express,SAQ Express,Q3488077,ca-qc.geojson,,0,SAQ Express,saq-express,no,,
alcohol,saqselection-ebcba4,SAQ Sélection,SAQ Sélection,Q3488077,ca-qc.geojson,,0,SAQ Sélection,saq-selection,no,,
convenience,sasoldelight-c7b713,Sasol Delight,Sasol Delight,Q116620703,za,,0,Sasol Delight,sasol-delight,only_png,,sasol-delight.png
supermarket,sathosa-8ce434,Sathosa,Sathosa,Q96386898,lk,,0,Sathosa,sathosa,no,,
supermarket,satoriz-94a8a9,Satoriz,Satoriz,Q130144737,fx,,0,Satoriz,satoriz,only_png,,satoriz.png
supermarket,savemart-dde59d,Save Mart,Save Mart,Q7428009,us,,1,Save Mart,save-mart,only_png,,save-mart.png
supermarket,savealot-dde59d,Save-A-Lot,Save-A-Lot,Q7427972,us,,0,Save-A-Lot,save-a-lot,both,save-a-lot.svg,save-a-lot.png
supermarket,saveonfoods-76454b,Save-On-Foods,Save-On-Foods,Q7427974,ca,,0,Save-On-Foods,save-on-foods,both,save-on-foods.svg,save-on-foods.png
supermarket,savegnagosupermercados-20f2a8,Savegnago Supermercados,Savegnago Supermercados,Q121097894,br,,0,Savegnago Supermercados,savegnago-supermercados,no,,
supermarket,savemor-f9f648,SaveMor,SaveMor,Q610492,za,,0,SaveMor,savemor,only_png,,savemor.png
supermarket,savemore-49e134,Savemore,Savemore,,ph,,0,Savemore,savemore,no,,
supermarket,savemoremarket-49e134,Savemore Market,Savemore Market,,ph,,0,Savemore Market,savemore-market,no,,
supermarket,schnucks-dde59d,Schnucks,Schnucks,Q7431920,us,,0,Schnucks,schnucks,only_png,,schnucks.png
bakery,schwerdtner-3f448e,Schwerdtner,Schwerdtner,Q111431951,de,,0,Schwerdtner,schwerdtner,no,,
bakery,schwalmerbrotladen-3aeac5,Schwälmer Brotladen,Schwälmer Brotladen,Q133461373,de-he.geojson,,0,Schwälmer Brotladen,schwalmer-brotladen,no,,
bakery,schaferdeinbacker-a60adf,Schäfer Dein Bäcker,Schäfer Dein Bäcker,Q127417068,"[8.06,50.38,100]",,0,Schäfer Dein Bäcker,schafer-dein-backer,no,,
bakery,schafers-3f448e,Schäfer's,Schäfer's,Q1464562,de,,0,Schäfer's,schafers,no,,
supermarket,scotmid-0ed976,Scotmid,Scotmid,Q7435719,gb-sct,,0,Scotmid,scotmid,no,,
convenience,scotmid-8978c5,Scotmid,Scotmid,Q7435719,gb-sct,,1,Scotmid,scotmid,no,,
supermarket,seafoodcity-dde59d,Seafood City,Seafood City,Q7440359,us,,0,Seafood City,seafood-city,only_png,,seafood-city.png
convenience,sedal-95f41b,Sedal,Sedal,Q133282955,pl,,0,Sedal,sedal,only_png,,sedal.png
supermarket,sedal-9e6a6c,Sedal,Sedal,Q133282955,pl,,0,Sedal,sedal,only_png,,sedal.png
bakery,sehne-3f448e,Sehne,Sehne,Q1314761,de,,0,Sehne,sehne,no,,
convenience,seicomart-652b3e,セイコーマート,Seicomart,Q11314123,jp,,0,Seicomart,seicomart,only_png,,seicomart.png
wholesale,selgros-8ea7cd,Selgros,Selgros,Q473918,de|pl|ro|ru,,1,Selgros,selgros,no,,
supermarket,selver-e21b3b,Selver,Selver,Q3771177,ee,,0,Selver,selver,only_png,,selver.png
bakery,semeur-ea5ee6,Semeur聖娜,Semeur聖娜,Q108366557,tw,,0,Semeur聖娜,semeur,no,,
convenience,servicompras-4c351f,Servicompras,Servicompras,,ar,,0,Servicompras,servicompras,no,,
supermarket,sfsupermarket-7c1bf0,SF Supermarket,SF Supermarket,Q7505012,us-ca.geojson|us-nv.geojson|us-or.geojson|us-tx.geojson,,1,SF Supermarket,sf-supermarket,only_png,,sf-supermarket.png
nutrition_supplements,sfd-2efa48,SFD,SFD,Q133733423,pl,,0,SFD,sfd,no,,
supermarket,shaws-dde59d,Shaw's,Shaw's,Q578387,us,,0,Shaw's,shaws,only_png,,shaws.png
convenience,sheetz-be9dbe,Sheetz,Sheetz,Q7492551,us-md.geojson|us-mi.geojson|us-nc.geojson|us-oh.geojson|us-pa.geojson|us-va.geojson|us-wv.geojson,,0,Sheetz,sheetz,only_png,,sheetz.png
convenience,shell-cfb41f,Shell,Shell,Q110716465,001,jp,0,Shell,shell,only_png,,shell.png
convenience,shellselect-cfb41f,Shell Select,Shell Select,Q124359752,001,jp,0,Shell Select,shell-select,no,,
convenience,shellshop-cfb41f,Shell Shop,Shell Shop,Q110716465,001,jp,0,Shell Shop,shell-shop,only_png,,shell-shop.png
supermarket,shengsiong-07d9e1,Sheng Siong,Sheng Siong,Q3481878,sg,,0,Sheng Siong,sheng-siong,no,,
variety_store,shiploads-c7d002,Shiploads,Shiploads,Q105883436,au,,0,Shiploads,shiploads,no,,
convenience,shopandgo-3015fb,Shop&Go (Србија),Shop&Go,Q116269550,rs,,1,Shop&Go,shop-go,no,,
convenience,shopandgo-597303,Shop&Go (România),Shop&Go,Q114644174,ro,,0,Shop&Go,shop-go,no,,
convenience,shopndrive-232829,Shop'N Drive,Shop'N Drive,Q107439152,gb,,0,Shop'N Drive,shopn-drive,no,,
supermarket,shoppersfoodandpharmacy-44c553,Shoppers Food & Pharmacy,Shoppers,Q7501183,us-baltimore_and_dc.geojson,,0,Shoppers,shoppers,only_png,,shoppers.png
supermarket,shoprite-1061bf,Shoprite (Nigeria),Shoprite,Q130474676,ng,,0,Shoprite,shoprite,only_png,,shoprite.png
supermarket,shoprite-46096d,Shoprite (Isle of Man),Shoprite,Q7501242,im,,0,Shoprite,shoprite,only_png,,shoprite.png
supermarket,shoprite-502f12,Shoprite (Africa),Shoprite,Q1857639,ao|bw|cd|gh|ls|mg|mu|mw|mz|na|sz|ug|za|zm,,0,Shoprite,shoprite,only_png,,shoprite.png
supermarket,shoprite-dde59d,ShopRite (USA),ShopRite,Q7501097,us,,0,ShopRite,shoprite,only_png,,shoprite.png
convenience,shopritemini-65248a,Shoprite Mini,Shoprite Mini,Q1857639,ao|bw|ls|mz|na|sz|za|zm,,0,Shoprite Mini,shoprite-mini,only_png,,shoprite-mini.png
supermarket,shopwise-49e134,Shopwise,Shopwise,Q118674375,ph,,0,Shopwise,shopwise,only_png,,shopwise.png
supermarket,shufersal-6b65f1,Shufersal,Shufersal,Q4523181,il,,0,Shufersal,shufersal,no,,
supermarket,shufersalexpress-6b65f1,שופרסל אקספרס,Shufersal Express,Q4523181,il,,0,Shufersal Express,shufersal-express,no,,
supermarket,shufersalsheli-6b65f1,שופרסל שלי,Shufersal Sheli,Q4523181,il,,0,Shufersal Sheli,shufersal-sheli,no,,
supermarket,shwapno-e71fe7,Shwapno,Shwapno,Q115664015,bd,,0,Shwapno,shwapno,only_png,,shwapno.png
supermarket,sigma-0cb133,Sigma,Sigma,Q3977979,it,,0,Sigma,sigma,only_png,,sigma.png
convenience,sim-12bebb,SIM,SIM,Q117156814,br,,2,SIM,sim,only_png,,sim.png
bakery,simitsarayi-a32269,Simit Sarayı,Simit Sarayı,Q28042608,tr,,0,Simit Sarayı,simit-saray,no,,
tea,simonlevelt-4b87ec,Simon Lévelt,Simon Lévelt,Q2220070,be|nl,,0,Simon Lévelt,simon-levelt,no,,
convenience,simplybasic-dd9aae,Simply Basic,Simply Basic,Q5643014,es,,0,Simply Basic,simply-basic,only_png,,simply-basic.png
convenience,simplycity-dd9aae,Simply City,Simply City,Q5643014,es,,0,Simply City,simply-city,only_png,,simply-city.png
convenience,simplystore-dd9aae,Simply Store,Simply Store,Q5643014,es,,0,Simply Store,simply-store,only_png,,simply-store.png
convenience,simplyfresh-232829,SimplyFresh,SimplyFresh,Q131438635,gb,,0,SimplyFresh,simplyfresh,only_png,,simplyfresh.png
convenience,sinclair-f1e40b,Sinclair,Sinclair,Q1290900,us,,0,Sinclair,sinclair,only_png,,sinclair.png
bakery,sipl-7367b5,Sipl,Sipl,Q122771409,de-by.geojson,,0,Sipl,sipl,no,,
supermarket,sisa-0cb133,Sisa,Sisa,Q3943661,it,,0,Sisa,sisa,no,,
convenience,six-9d5235,Six,Six,Q122170471,mx,,0,Six,six,no,,
butcher,sklepmiesnylenarcik-436f1d,Sklep mięsny Lenarcik,Sklep mięsny Lenarcik,Q125566217,pl,,0,Sklep mięsny Lenarcik,sklep-miesny-lenarcik,no,,
convenience,skleppolski-95f41b,Sklep Polski,Sklep Polski,Q114699006,pl,,0,Sklep Polski,sklep-polski,only_png,,sklep-polski.png
supermarket,sky-46841a,Sky,Sky,Q1129779,de|lv|nl,,0,Sky,sky,no,,
pastry,skyline-5d47b0,Skyline,Skyline,Q110399888,bg,,0,Skyline,skyline,no,,
convenience,delikatesyslawex-95f41b,Delikatesy SLAWEX,SLAWEX,Q110801396,pl,,0,SLAWEX,slawex,only_png,,slawex.png
supermarket,supermarketslawex-9e6a6c,SLAWEX,SLAWEX,Q110801396,pl,,0,SLAWEX,slawex,only_png,,slawex.png
wholesale,sligro-fb1de0,Sligro,Sligro,Q3170052,001,,0,Sligro,sligro,no,,
supermarket,small-8f26de,Small,Small,,kz,,0,Small,small,no,,
pastry,smallcakes-64e364,Smallcakes,Smallcakes,Q62384749,us,,0,Smallcakes,smallcakes,no,,
supermarket,smartandfinal-3441e2,Smart & Final,Smart & Final,Q7543916,mx|us-az.geojson|us-ca.geojson|us-nv.geojson,,0,Smart & Final,smart-final,both,smart-final.svg,smart-final.png
supermarket,smartandfinalextra-140857,Smart & Final Extra!,Smart & Final,Q7543916,us-az.geojson|us-ca.geojson|us-nv.geojson,,0,Smart & Final,smart-final,both,smart-final.svg,smart-final.png
supermarket,smatch-f276cb,Smatch,Smatch,Q5185959,be|lu,,0,Smatch,smatch,no,,
supermarket,smiths-166dbe,Smith's,Smith's,Q7544856,ca|us,,0,Smith's,smiths,no,,
convenience,snarkjop-2da37b,Snarkjøp,Snarkjøp,,no,,0,Snarkjøp,snarkjp,no,,
supermarket,sobeys-76454b,Sobeys,Sobeys,Q1143340,ca,,0,Sobeys,sobeys,only_png,,sobeys.png
alcohol,sobeysliquor-c2c781,Sobeys Liquor,Sobeys,Q1143340,ca,,0,Sobeys,sobeys,only_png,,sobeys.png
beverages,sobi-c4cb62,Sobi,Sobi,Q98509159,de,,0,Sobi,sobi,no,,
pastry,sodiedoces-64176e,Sodiê Doces,Sodiê Doces,Q126392274,br,,0,Sodiê Doces,sodie-doces,no,,
butcher,sokolow-436f1d,Sokołów,Sokołów,Q16605125,pl,,0,Sokołów,sokoow,no,,
bakery,somersetbakehouse-4b4468,Somerset Bakehouse,Somerset Bakehouse,Q131143706,gb-som.geojson,,0,Somerset Bakehouse,somerset-bakehouse,no,,
tea,sonnentor-8b9919,Sonnentor,Sonnentor,Q1651649,at|cz|de,,0,Sonnentor,sonnentor,only_png,,sonnentor.png
bakery,sophielebreuilly-09ad2c,Sophie Lebreuilly,Sophie Lebreuilly,Q66372229,fx,,0,Sophie Lebreuilly,sophie-lebreuilly,no,,
supermarket,megasoriana-9b2dfb,MEGA Soriana,Soriana,Q735562,mx,,0,Soriana,soriana,only_png,,soriana.png
supermarket,sorianahiper-9b2dfb,Soriana Híper,Soriana,Q735562,mx,,0,Soriana,soriana,only_png,,soriana.png
supermarket,sorianamercado-9b2dfb,Soriana Mercado,Soriana,Q735562,mx,,0,Soriana,soriana,only_png,,soriana.png
supermarket,sorianasuper-9b2dfb,Soriana Súper,Soriana,Q735562,mx,,0,Soriana,soriana,only_png,,soriana.png
supermarket,sorlidiscau-0513f1,Sorli Discau,Sorli Discau,Q20103935,es,,0,Sorli Discau,sorli-discau,only_png,,sorli-discau.png
convenience,spar-1effe0,Spar,Spar,Q610492,001,ge|it|no,1,Spar,spar,both,spar.svg,spar.png
convenience,spar-2da37b,Spar (Norge),Spar,Q610492,no,,0,Spar,spar,both,spar.svg,spar.png
supermarket,spar-ed9dd5,Spar (Norge),Spar,Q610492,no,,0,Spar,spar,both,spar.svg,spar.png
supermarket,spar-eedea5,Spar,Spar,Q610492,001,ge|it|no,0,Spar,spar,both,spar.svg,spar.png
convenience,sparcity-f85122,Spar City,Spar,Q610492,nl,,0,Spar,spar,both,spar.svg,spar.png
convenience,sparexpress-2da37b,Spar Express (Norge),Spar,Q610492,no,,0,Spar,spar,both,spar.svg,spar.png
convenience,sparexpress-dda8d6,Spar Express,Spar,Q610492,001,no,0,Spar,spar,both,spar.svg,spar.png
supermarket,spargourmet-83ec7f,Spar Gourmet,Spar Gourmet,Q137258997,at|za,,0,Spar Gourmet,spar-gourmet,only_png,,spar-gourmet.png
supermarket,spazioconad-0cb133,Spazio Conad,Spazio Conad,Q118130063,it,,0,Spazio Conad,spazio-conad,only_png,,spazio-conad.png
bakery,spc-839c38,SPC,SPC,Q108586596,pl,,0,SPC,spc,no,,
alcohol,specs-a9ed82,Spec's,Spec's,Q7574415,us-tx.geojson,,0,Spec's,specs,no,,
convenience,speedway-f1e40b,Speedway,Speedway,Q7575683,us,,0,Speedway,speedway,only_png,,speedway.png
convenience,spencers-bb430b,Spencer's,Spencer's,Q7575959,in,,0,Spencer's,spencers,only_png,,spencers.png
supermarket,spinneys-37e51a,Spinneys,Spinneys,,ae|eg|lb|om,,0,Spinneys,spinneys,no,,
convenience,spinx-4d8292,Spinx,Spinx,Q121851498,us-nc.geojson|us-sc.geojson,,0,Spinx,spinx,only_png,,spinx.png
convenience,spot-4c351f,Spot,Spot,,ar,,0,Spot,spot,no,,
convenience,spolem-95f41b,Społem,Społem,Q11826043,pl,,0,Społem,spoem,no,,
supermarket,spolem-9e6a6c,Społem,Społem,Q11826043,pl,,0,Społem,spoem,no,,
convenience,sprint-2a1f57,Sprint,Sprint,,es|pt,,0,Sprint,sprint,only_png,,sprint.png
supermarket,sproutsfarmersmarket-dde59d,Sprouts Farmers Market,Sprouts Farmers Market,Q7581369,us,,1,Sprouts Farmers Market,sprouts-farmers-market,only_png,,sprouts-farmers-market.png
bakery,stadtbackereikamp-3f448e,Stadtbäckerei Kamp,Stadtbäckerei Kamp,Q111682475,de,,0,Stadtbäckerei Kamp,stadtbackerei-kamp,no,,
bakery,stangengrunermuhlenbackerei-3f448e,Stangengrüner Mühlenbäckerei,Stangengrüner Mühlenbäckerei,Q114729344,de,,0,Stangengrüner Mühlenbäckerei,stangengruner-muhlenbackerei,no,,
supermarket,starbazaar-9ef8f9,Star Bazaar,Star Bazaar,Q124175958,in,,0,Star Bazaar,star-bazaar,only_png,,star-bazaar.png
convenience,starmart-4d6b4b,Star Mart,Star Mart,Q61994857,001,,0,Star Mart,star-mart,no,,
bakery,starkebacker-3f448e,Starke Bäcker,Starke Bäcker,Q66133336,de,,0,Starke Bäcker,starke-backer,no,,
supermarket,staterbros-dde59d,Stater Bros.,Stater Bros.,Q7604016,us,,1,Stater Bros.,stater-bros,only_png,,stater-bros.png
bakery,steinecke-3f448e,Steinecke,Steinecke,Q57516278,de,,0,Steinecke,steinecke,no,,
bakery,steiner-903073,Steiner,Steiner,Q111728988,ch,,1,Steiner,steiner,no,,
bakery,steiskal-3f448e,Steiskal,Steiskal,Q111686819,de,,1,Steiskal,steiskal,no,,
bakery,sternenback-3f448e,Sternenbäck,Sternenbäck,Q62595021,de,,0,Sternenbäck,sternenback,no,,
convenience,stewartsshops-f1e40b,Stewart's Shops,Stewart's Shops,Q7615690,us,,1,Stewart's Shops,stewarts-shops,no,,
bakery,stinges-3f448e,Stinges,Stinges,Q60478280,de,,3,Stinges,stinges,no,,
convenience,stinker-f1e40b,Stinker,Stinker,Q95990164,us,,1,Stinker,stinker,only_png,,stinker.png
variety_store,stokomani-efe747,Stokomani,Stokomani,Q22249328,fx,,0,Stokomani,stokomani,only_svg,stokomani.svg,
supermarket,stokrotka-9e6a6c,Stokrotka,Stokrotka,Q9345945,pl,,0,Stokrotka,stokrotka,only_png,,stokrotka.png
convenience,stokrotkaexpress-95f41b,Stokrotka Express,Stokrotka Express,Q110801119,pl,,0,Stokrotka Express,stokrotka-express,only_png,,stokrotka-express.png
supermarket,stokrotkamarket-9e6a6c,Stokrotka Market,Stokrotka Market,Q110801183,pl,,0,Stokrotka Market,stokrotka-market,only_png,,stokrotka-market.png
supermarket,stokrotkaoptima-9e6a6c,Stokrotka Optima,Stokrotka Optima,Q110801045,pl,,0,Stokrotka Optima,stokrotka-optima,only_png,,stokrotka-optima.png
supermarket,stopandshop-dde59d,Stop & Shop,Stop & Shop,Q3658429,us,,0,Stop & Shop,stop-shop,both,stop-shop.svg,stop-shop.png
convenience,stopcafe-4d6b4b,Stop Cafe,Stop Cafe,,001,,0,Stop Cafe,stop-cafe,only_png,,stop-cafe.png
supermarket,strackandvantil-972b32,Strack & Van Til,Strack & Van Til,Q17108969,us-in.geojson,,0,Strack & Van Til,strack-van-til,only_png,,strack-van-til.png
convenience,stripes-cc811e,Stripes,Stripes,Q7624135,cl|us,,0,Stripes,stripes,only_png,,stripes.png
bakery,strock-2e087b,Ströck,Ströck,Q2357607,at,,0,Ströck,strock,no,,
convenience,stuckeys-f1e40b,Stuckey's,Stuckey's,Q7627481,us,,0,Stuckey's,stuckeys,only_png,,stuckeys.png
convenience,studenac-5b00ff,Studenac,Studenac,Q65156084,hr,,0,Studenac,studenac,only_png,,studenac.png
supermarket,suma-0513f1,Suma,Suma,Q58012362,es,,0,Suma,suma,only_png,,suma.png
supermarket,sumesa-9b2dfb,Sumesa,Sumesa,Q123741153,mx,,0,Sumesa,sumesa,no,,
convenience,sunoco-f1e40b,Sunoco,Sunoco,Q1423218,us,,0,Sunoco,sunoco,only_png,,sunoco.png
supermarket,supabarn-c254c9,Supabarn,Supabarn,Q7641883,au,,0,Supabarn,supabarn,only_png,,supabarn.png
supermarket,supeco-0513f1,Supeco (España),Supeco,Q110067041,es,,0,Supeco,supeco,only_png,,supeco.png
supermarket,supeco-62a473,Supeco (România),Supeco,Q110066889,ro,,0,Supeco,supeco,only_png,,supeco.png
supermarket,supeco-94a8a9,Supeco (France),Supeco,Q110067293,fx,,0,Supeco,supeco,only_png,,supeco.png
supermarket,super1foods-7f47bf,Super 1 Foods (Southern USA),Super 1 Foods,,us-ar.geojson|us-la.geojson|us-tx.geojson,,1,Super 1 Foods,super-1-foods,no,,
supermarket,super1foods-b85f7d,Super 1 Foods (Northwestern USA),Super 1 Foods,,us-id.geojson|us-mt.geojson|us-wa.geojson,,1,Super 1 Foods,super-1-foods,no,,
supermarket,superarcs-c0ae3d,スーパーアークス,SUPER ARCS,Q17190570,jp-01.geojson,,0,SUPER ARCS,super-arcs,no,,
supermarket,superc-986a24,Super C,Super C,Q3504127,001,,0,Super C,super-c,no,,
supermarket,superdelnorte-9b2dfb,Super del Norte,Super del Norte,Q88388513,mx,,0,Super del Norte,super-del-norte,only_png,,super-del-norte.png
convenience,superdis-3015fb,Super DIS,Super DIS,Q131762246,rs,,0,Super DIS,super-dis,no,,
supermarket,superindo-9b33de,Super Indo,Super Indo,Q12518060,id,,0,Super Indo,super-indo,only_png,,super-indo.png
alcohol,superliquor-a2b828,Super Liquor,Super Liquor,Q112038718,nz,,0,Super Liquor,super-liquor,no,,
supermarket,supermetro-49e134,Super Metro,Super Metro,Q23808789,ph,,0,Super Metro,super-metro,only_png,,super-metro.png
supermarket,superonefoods-a7e51b,Super One Foods,Super One Foods,Q17108733,us-mi.geojson|us-mn.geojson|us-nd.geojson|us-wi.geojson,,0,Super One Foods,super-one-foods,both,super-one-foods.svg,super-one-foods.png
nutrition_supplements,supersupplements-8feed0,Super Supplements,Super Supplements,Q108606605,us,,0,Super Supplements,super-supplements,no,,
convenience,supersanchez-9d5235,Super Sánchez,Super Sánchez,Q113182316,mx,,0,Super Sánchez,super-sanchez,only_png,,super-sanchez.png
supermarket,superu-c16b1c,Super U,Super U,Q2529029,fr,,0,Super U,super-u,only_png,,super-u.png
supermarket,supervero-b83687,Super Vero,Super Vero,Q130307764,rs,,0,Super Vero,super-vero,only_png,,super-vero.png
pet,superzoo-09e3e7,Super zoo,Super zoo,Q93998805,cz|sk,,0,Super zoo,super-zoo,no,,
supermarket,superama-9b2dfb,Superama,Superama,Q6135762,mx,,0,Superama,superama,no,,
supermarket,superbiomarkt-0a839e,SuperBioMarkt,SuperBioMarkt,Q2367009,de,,0,SuperBioMarkt,superbiomarkt,only_png,,superbiomarkt.png
supermarket,superbrugsen-072052,SuperBrugsen,SuperBrugsen,Q12337746,dk,,0,SuperBrugsen,superbrugsen,no,,
butcher,superbrugsenslagter-4aef2d,SuperBrugsen Slagter,SuperBrugsen Slagter,Q12337746,dk,,0,SuperBrugsen Slagter,superbrugsen-slagter,no,,
supermarket,superconti-0cb133,Superconti,Superconti,Q69381940,it,,0,Superconti,superconti,only_png,,superconti.png
convenience,supercor-2a1f57,Supercor,Supercor,Q6135841,es|pt,,0,Supercor,supercor,no,,
convenience,supercorexpres-dd9aae,Supercor Exprés,Supercor,Q6135841,es,,0,Supercor,supercor,no,,
supermarket,superdino-0513f1,SuperDino,SuperDino,Q105955304,es,,0,SuperDino,superdino,only_png,,superdino.png
supermarket,superiorgrocers-097dbf,Superior Grocers,Superior Grocers,Q124810975,us-ca.geojson,,1,Superior Grocers,superior-grocers,only_png,,superior-grocers.png
supermarket,superissste-9b2dfb,SuperISSSTE,SuperISSSTE,Q113205941,mx,,0,SuperISSSTE,superissste,no,,
supermarket,supermarket-20f2a8,Supermarket (Brasil),Supermarket,Q127375573,br,,0,Supermarket,supermarket,only_png,,supermarket.png
supermarket,supermercadocovabra-20f2a8,Supermercado Covabra,Supermercado Covrabra,Q131063998,br,,1,Supermercado Covrabra,supermercado-covrabra,no,,
supermarket,supermercadosbh-20f2a8,Supermercados BH,Supermercados BH,Q115209705,br,,0,Supermercados BH,supermercados-bh,only_png,,supermercados-bh.png
supermarket,supermercadosmas-0513f1,Supermercados MAS,Supermercados MAS,Q120764436,es,,0,Supermercados MAS,supermercados-mas,only_png,,supermercados-mas.png
supermarket,supermercatizazzeron-0cb133,Supermercati Zazzeron,Supermercati Zazzeron,Q108805425,it,,0,Supermercati Zazzeron,supermercati-zazzeron,only_png,,supermercati-zazzeron.png
supermarket,supersol-0a1807,Supersol,Supersol,Q62073427,ar|es|ma|uy,,0,Supersol,supersol,only_png,,supersol.png
supermarket,superspar-5f0ef1,Superspar,Superspar,Q137259027,es|za,,0,Superspar,superspar,no,,
supermarket,supervalu-b7087f,SuperValu (Ireland/UK),SuperValu,Q7642081,gb|ie,,0,SuperValu,supervalu,only_svg,supervalu.svg,
supermarket,supervalue-5dc426,SuperValue (New Zealand),SuperValue,Q7642080,nz,,0,SuperValue,supervalue,only_png,,supervalue.png
greengrocer,superverd-949784,Superverd,Superverd,Q11950546,es,,0,Superverd,superverd,no,,
supermarket,supplycosupermarket-9ef8f9,Supplyco Super Market,Supplyco Super Market,Q99613456,in,,0,Supplyco Super Market,supplyco-super-market,no,,
supermarket,sutterluty-1eef1d,Sutterlüty,Sutterlüty,Q1421502,at,,0,Sutterlüty,sutterluty,only_svg,sutterluty.svg,
pastry,sweetchariot-77ae94,Sweet Chariot,Sweet Chariot,Q124374392,in,,0,Sweet Chariot,sweet-chariot,no,,
butcher,swift-1387a4,Swift,Swift,,br-sp.geojson,,0,Swift,swift,no,,
alcohol,systembolaget-9afe69,Systembolaget,Systembolaget,Q1476113,se,,0,Systembolaget,systembolaget,no,,
supermarket,siconte-0cb133,Sì con te,Sì con te,Q118442109,it,,0,Sì con te,si-con-te,only_png,,si-con-te.png
convenience,sloneczko-95f41b,Słoneczko,Słoneczko,Q113230439,pl,,0,Słoneczko,soneczko,no,,
supermarket,tandtsupermarket-76454b,大統華 T&T Supermarket,T&T Supermarket,Q837893,ca,,0,T&T Supermarket,t-t-supermarket,both,t-t-supermarket.svg,t-t-supermarket.png
convenience,tsn-80468a,T. SN,T. SN,,ec,,0,T. SN,t-sn,no,,
tea,t2-c95a9d,T2,T2,Q48802134,au,,0,T2,t2,no,,
convenience,ta-f1e40b,TA,TA,Q7835892,us,,0,TA,ta,only_png,,ta.png
convenience,tambo-853840,Tambo+,Tambo+,Q64516439,pe,,0,Tambo+,tambo,only_png,,tambo.png
supermarket,target-dde59d,Target (USA),Target,Q1046951,us,,1,Target,target,both,target.svg,target.png
alcohol,tasmac-0cc5fb,TASMAC,TASMAC,Q1971258,in-tn.geojson,,0,TASMAC,tasmac,no,,
supermarket,taste-745f9c,Taste,Taste,Q7687667,hk,,0,Taste,taste,only_png,,taste.png
bakery,taumberger-6ec796,Taumberger,Taumberger,Q119807559,at-2.geojson,,2,Taumberger,taumberger,no,,
coffee,tchibo-8e6167,Tchibo,Tchibo,Q564213,at|ch|cz|de|pl|sk,,0,Tchibo,tchibo,no,,
tea,teashop-d87694,Tea Shop,Tea Shop,Q111730818,ar|br|es|it|pt|uy,,0,Tea Shop,tea-shop,no,,
tea,teawg-3ee78a,Tea WG,Tea WG,Q16966589,hk,,1,Tea WG,tea-wg,no,,
variety_store,tedi-8a061e,TEDi,TEDi,Q1364603,at|bg|cz|de|es|gb|hr|hu|it|pl|pt|ro|si|sk,,1,TEDi,tedi,both,tedi.svg,tedi.png
tea,teegschwendner-655ff5,TeeGschwendner,TeeGschwendner,Q2399969,de,,0,TeeGschwendner,teegschwendner,no,,
supermarket,tegut-0a839e,tegut,tegut,Q1547993,de,,0,tegut,tegut,both,tegut.svg,tegut.png
supermarket,tempo-4ccde8,Tempo (Slovensko),Tempo,Q41629254,sk,,0,Tempo,tempo,only_png,,tempo.png
convenience,tempo-a7773e,Tempo (Česko),Tempo,Q52851660,cz,,5,Tempo,tempo,only_png,,tempo.png
convenience,tempo-f5adeb,Tempo (Sverige),Tempo,Q10692628,se,,0,Tempo,tempo,only_png,,tempo.png
convenience,teo-60c7fe,Teo,Teo,Q138941301,de,,0,Teo,teo,only_png,,teo.png
convenience,terno-2496a5,Terno,Terno,Q131153895,sk,,0,Terno,terno,only_png,,terno.png
supermarket,terno-4ccde8,Terno,Terno,Q131153895,sk,,0,Terno,terno,only_png,,terno.png
convenience,terribles-f1e40b,Terrible's,Terrible's,Q7703648,us,,1,Terrible's,terribles,only_png,,terribles.png
supermarket,tesco-3c0448,Tesco,Tesco,Q487494,001,us,3,Tesco,tesco,only_png,,tesco.png
convenience,tesco-59ec3a,Tesco,Tesco,Q487494,001,gb|us,0,Tesco,tesco,only_png,,tesco.png
convenience,tescoexpres-65ae8a,Tesco Expres,Tesco Expres,Q98456772,cz|sk,,1,Tesco Expres,tesco-expres,no,,
convenience,tescoexpress-fe5937,Tesco Express,Tesco Express,Q98456772,001,cz|sk|us,1,Tesco Express,tesco-express,only_png,,tesco-express.png
supermarket,tescoextra-1e2c58,Tesco Extra,Tesco Extra,Q25172225,150|my,,0,Tesco Extra,tesco-extra,no,,
supermarket,tescometro-23ec32,Tesco Metro,Tesco Metro,Q57551648,ie,,0,Tesco Metro,tesco-metro,no,,
convenience,texaco-4d6b4b,Texaco,Texaco,Q775060,001,,0,Texaco,texaco,only_png,,texaco.png
supermarket,tfvaluemart-80e9ee,TF Value-Mart,TF Value-Mart,Q96679744,my,,0,TF Value-Mart,tf-value-mart,only_png,,tf-value-mart.png
variety_store,thankyoumart-e1b193,THANK YOU MART,THANK YOU MART,Q11305509,jp,,0,THANK YOU MART,thank-you-mart,no,,
variety_store,the99store-c85191,The 99 Store,The 99 Store,Q122981295,us,,0,The 99 Store,the-99-store,no,,
variety_store,thebargainshop-f36c63,The Bargain! Shop,The Bargain! Shop,Q16953670,ca,,0,The Bargain! Shop,the-bargain-shop,no,,
alcohol,thebeerstore-19c622,The Beer Store,The Beer Store,Q16243674,ca-on.geojson,,0,The Beer Store,the-beer-store,no,,
alcohol,thebottleo-a2b828,The Bottle-O,The Bottle-O,Q111015122,nz,,1,The Bottle-O,the-bottle-o,no,,
bakery,thecheesecakeshop-4d3be5,The Cheesecake Shop,The Cheesecake Shop,Q117717103,au|nz,,0,The Cheesecake Shop,the-cheesecake-shop,no,,
convenience,thecooperativefood-232829,The Co-operative Food,The Co-operative Food,Q107617274,gb,,0,The Co-operative Food,the-co-operative-food,only_png,,the-co-operative-food.png
supermarket,thecooperativefood-a8278b,Central England Co-operative,The Co-operative Food,Q107617274,gb,,1,The Co-operative Food,the-co-operative-food,only_png,,the-co-operative-food.png
variety_store,thecrazystore-0bcd25,The Crazy Store,The Crazy Store,Q116620808,bw|na|sz|za,,0,The Crazy Store,the-crazy-store,no,,
supermarket,thefoodwarehouse-a8278b,The Food Warehouse,The Food Warehouse,Q87263899,gb,,0,The Food Warehouse,the-food-warehouse,only_png,,the-food-warehouse.png
supermarket,thefreshmarket-dde59d,The Fresh Market,The Fresh Market,Q7735265,us,,1,The Fresh Market,the-fresh-market,both,the-fresh-market.svg,the-fresh-market.png
supermarket,thegroceryoutlet-76454b,The Grocery Outlet,The Grocery Outlet,Q16062155,ca,,0,The Grocery Outlet,the-grocery-outlet,only_png,,the-grocery-outlet.png
variety_store,theoriginalfactoryshop-622078,The Original Factory Shop,The Original Factory Shop,Q7755366,gb,,0,The Original Factory Shop,the-original-factory-shop,no,,
pet,thepethut-8ec028,The Pet Hut,The Pet Hut,Q121435141,gb,,0,The Pet Hut,the-pet-hut,no,,
variety_store,therejectshop-c7d002,The Reject Shop,The Reject Shop,Q7760092,au,,0,The Reject Shop,the-reject-shop,no,,
supermarket,thesourcebulkfoods-ff3d2b,The Source Bulk Foods,The Source Bulk Foods,Q113771168,au|ca|gb-eng,,0,The Source Bulk Foods,the-source-bulk-foods,only_png,,the-source-bulk-foods.png
supermarket,thestore-80e9ee,The Store,The Store,Q96679754,my,,0,The Store,the-store,only_png,,the-store.png
pastry,thesugarrandspice-77ae94,The Sugarr & Spice,The Sugarr & Spice,Q130550402,in,,0,The Sugarr & Spice,the-sugarr-spice,no,,
nutrition_supplements,thevitaminshoppe-8feed0,The Vitamin Shoppe,The Vitamin Shoppe,Q7772938,us,,1,The Vitamin Shoppe,the-vitamin-shoppe,only_png,,the-vitamin-shoppe.png
wine,thewineshop-8319b3,The Wine Shop,The Wine Shop,Q133256003,ca-on.geojson,,0,The Wine Shop,the-wine-shop,no,,
pastry,theobroma-77ae94,Theobroma,Theobroma,Q124374469,in,,0,Theobroma,theobroma,no,,
frozen_food,thiriet-c153b7,Thiriet,Thiriet,Q3524695,fr,,0,Thiriet,thiriet,only_png,,thiriet.png
alcohol,thirstycamel-cb3c62,Thirsty Camel,Thirsty Camel,Q113503937,au,,0,Thirsty Camel,thirsty-camel,no,,
alcohol,thirstyliquor-a2b828,Thirsty Liquor,Thirsty Liquor,,nz,,0,Thirsty Liquor,thirsty-liquor,no,,
variety_store,thomasphilippssonderposten-9f9d31,Thomas Philipps Sonderposten,Thomas Philipps Sonderposten,Q1424735,de,,1,Thomas Philipps Sonderposten,thomas-philipps-sonderposten,no,,
convenience,thorntons-f1e40b,Thorntons,Thorntons,Q7796584,us,,0,Thorntons,thorntons,only_png,,thorntons.png
supermarket,thrash-94881c,Thrash! Траш!,Thrash! Траш!,Q56364758,ua,,1,Thrash! Траш!,thrash,no,,
convenience,tiendas3b-9d5235,Tiendas 3B,Tiendas 3B,Q113217378,mx,,0,Tiendas 3B,tiendas-3b,only_png,,tiendas-3b.png
supermarket,tiendasd1-271a34,Tiendas D1,Tiendas D1,,co,,0,Tiendas D1,tiendas-d1,only_png,,tiendas-d1.png
convenience,tigermart-4d6b4b,Tiger Mart,Tiger Mart,Q57643977,001,,2,Tiger Mart,tiger-mart,no,,
supermarket,tigre-0cb133,Tigre,Tigre,Q114567803,it,,0,Tigre,tigre,only_png,,tigre.png
supermarket,tigreamico-0cb133,Tigre Amico,Tigre Amico,Q114567814,it,,0,Tigre Amico,tigre-amico,no,,
supermarket,tigros-0cb133,Tigros,Tigros,Q24935610,it,,0,Tigros,tigros,only_png,,tigros.png
supermarket,timessupermarkets-34b4ac,Times Supermarkets,Times Supermarkets,Q7806566,us-hi,,0,Times Supermarkets,times-supermarkets,only_png,,times-supermarkets.png
convenience,timewise-944bfe,Timewise,Timewise,,us-tx.geojson,,0,Timewise,timewise,no,,
supermarket,tivtaam-6b65f1,טיב טעם,Tiv Ta'am,Q2903718,il,,0,Tiv Ta'am,tiv-taam,only_png,,tiv-taam.png
supermarket,tivtaaminthecity-6b65f1,טיב טעם בעיר,Tiv Ta'am in The City,Q2903718,il,,0,Tiv Ta'am in The City,tiv-taam-in-the-city,only_png,,tiv-taam-in-the-city.png
supermarket,todis-0cb133,Todis,Todis,Q3992174,it,,0,Todis,todis,only_png,,todis.png
variety_store,tokmanni-c0b5b4,Tokmanni,Tokmanni,Q13423470,fi,,0,Tokmanni,tokmanni,no,,
pet,tomandco-cad8a4,Tom & Co,Tom & Co,Q98380763,be|fr|lu,,0,Tom & Co,tom-co,only_png,,tom-co.png
convenience,tommarket-58d40d,Tom Market,Tom Market,,hu,,0,Tom Market,tom-market,no,,
supermarket,tomthumb-a6c312,Tom Thumb,Tom Thumb,Q7817826,us-tx.geojson,,0,Tom Thumb,tom-thumb,both,tom-thumb.svg,tom-thumb.png
convenience,tommy-5b00ff,Tommy,Tommy,Q12643718,hr,,0,Tommy,tommy,only_png,,tommy.png
supermarket,tommy-f279a1,Tommy,Tommy,Q12643718,hr,,0,Tommy,tommy,only_png,,tommy.png
supermarket,tonysfreshmarket-5ca8e2,Tony's Fresh Market,Tony's Fresh Market,Q118594253,us-il.geojson,,0,Tony's Fresh Market,tonys-fresh-market,only_png,,tonys-fresh-market.png
convenience,tootntotum-4d6b4b,Toot'n Totum,Toot'n Totum,,001,,0,Toot'n Totum,tootn-totum,no,,
convenience,topmarket-95f41b,Top Market,Top Market,,pl,,0,Top Market,top-market,only_png,,top-market.png
supermarket,topmarket-9e6a6c,Top Market,Top Market,Q9360044,pl,,0,Top Market,top-market,only_png,,top-market.png
variety_store,topshop-f153f8,Top Shop,Top Shop,Q116919675,al|ba|bg|cz|ee|hr|hu|lt|lv|md|me|mk|pl|ro|rs|si|sk|ua|xk,,0,Top Shop,top-shop,no,,
convenience,minitop-401681,Mini top!,top!,Q20803907,lv,,0,top!,top,no,,
convenience,top-401681,top!,top!,Q20803907,lv,,0,top!,top,no,,
supermarket,topaz-9e6a6c,Topaz,Topaz,Q11837058,pl,,0,Topaz,topaz,only_png,,topaz.png
supermarket,tops-dde59d,Tops (USA),Tops,Q7825137,us,,0,Tops,tops,both,tops.svg,tops.png
supermarket,tops-fd4d8d,Tops (Thailand),Tops,Q7825140,th,,0,Tops,tops,both,tops.svg,tops.png
alcohol,topsatspar-67025f,Tops at Spar,Tops at Spar,Q116377563,bw|na|sz|za|zm,,0,Tops at Spar,tops-at-spar,no,,
convenience,topsdaily-f572b3,Tops Daily,Tops Daily,Q134932161,th,,0,Tops Daily,tops-daily,no,,
alcohol,totalwine-2740a5,Total Wine,Total Wine,Q7828084,us,,0,Total Wine,total-wine,no,,
convenience,totalenergies-70e2fc,TotalEnergies,TotalEnergies,Q154037,001,br|de|id|mx|tr|us,3,TotalEnergies,totalenergies,no,,
supermarket,tottus-b9e971,Tottus,Tottus,Q7828510,cl|pe,,0,Tottus,tottus,both,tottus.svg,tottus.png
bakery,touslesjours-e39ddb,Tous les Jours,Tous les Jours,Q3535609,id|kh|my|ph|us|vn,,0,Tous les Jours,tous-les-jours,no,,
convenience,townpump-f1e40b,Town Pump,Town Pump,Q7830004,us,,0,Town Pump,town-pump,no,,
supermarket,traderjoes-dde59d,Trader Joe's,Trader Joe's,Q688825,us,,0,Trader Joe's,trader-joes,both,trader-joes.svg,trader-joes.png
wholesale,transgourmet-4d1ebd,Transgourmet,Transgourmet,Q2448805,at|ch|de|es|fr|pl,,0,Transgourmet,transgourmet,no,,
convenience,trd-915f01,TRD,TRD,,cu,,0,TRD,trd,no,,
convenience,treats-27379b,Treats,Treats,Q131626530,my|ph,,0,Treats,treats,only_png,,treats.png
convenience,trefa-a7773e,Trefa,Trefa,Q139412781,cz,,2,Trefa,trefa,only_png,,trefa.png
convenience,trgocentar-5b00ff,Trgocentar,Trgocentar,,hr,,0,Trgocentar,trgocentar,no,,
convenience,trgostil-5b00ff,Trgostil,Trgostil,,hr,,0,Trgostil,trgostil,no,,
beverages,trinkandspare-573561,Trink & Spare,Trink & Spare,Q99284521,de-nw.geojson,,0,Trink & Spare,trink-spare,no,,
beverages,trinkgut-fe02c7,trinkgut,trinkgut,Q2453627,de-by.geojson|de-he.geojson|de-ni.geojson|de-nw.geojson|de-rp.geojson,,0,trinkgut,trinkgut,no,,
supermarket,trivenisupermarket-9ef8f9,Triveni Supermarket,Triveni Supermarket,Q7844639,in,,0,Triveni Supermarket,triveni-supermarket,no,,
supermarket,tuodi-0cb133,Tuodì,Tuodì,Q3706995,it,,0,Tuodì,tuodi,no,,
convenience,turkeyhill-f1e40b,Turkey Hill,Turkey Hill,Q42376970,us,,0,Turkey Hill,turkey-hill,only_png,,turkey-hill.png
tea,twgtea-c4a804,TWG Tea,TWG Tea,Q16966589,001,hk,0,TWG Tea,twg-tea,no,,
alcohol,twinliquors-a9ed82,Twin Liquors,Twin Liquors,Q127691615,us-tx.geojson,,0,Twin Liquors,twin-liquors,no,,
supermarket,twojmarket-9e6a6c,Twój Market,Twój Market,Q97556535,pl,,0,Twój Market,twoj-market,only_png,,twoj-market.png
supermarket,turkiyetarimkredikooperatifmarket-5b5772,Türkiye Tarım Kredi Kooperatif Market,Türkiye Tarım Kredi Kooperatif Market,Q127328776,tr,,0,Türkiye Tarım Kredi Kooperatif Market,turkiye-tarm-kredi-kooperatif-market,no,,
convenience,taphoa-61b913,tạp hoá,tạp hoá,,vn,,0,tạp hoá,tap-hoa,no,,
convenience,uexpress-bf3eb4,U Express,U Express,Q2529029,fr,,0,U Express,u-express,only_svg,u-express.svg,
convenience,ustore-60c7fe,U-Store,U-Store,Q113290511,de,,0,U-Store,u-store,only_svg,u-store.svg,
convenience,ufa-6da36b,UFA,UFA,Q1809831,ca-ab.geojson,,1,UFA,ufa,no,,
alcohol,ultraliquors-cebc42,Ultra Liquors,Ultra Liquors,Q116620602,za,,0,Ultra Liquors,ultra-liquors,no,,
convenience,ultramar-eea72f,Ultramar,Ultramar,Q3548078,ca,,0,Ultramar,ultramar,only_png,,ultramar.png
convenience,unclejohns-fb2210,Uncle John's,Uncle John's,Q115917776,ph,,1,Uncle John's,uncle-johns,only_png,,uncle-johns.png
bakery,uncletetsuscheesecake-4f9c7f,Uncle Tetsu's Cheesecake,Uncle Tetsu's Cheesecake,Q28153939,001,,0,Uncle Tetsu's Cheesecake,uncle-tetsus-cheesecake,no,,
supermarket,unes-0cb133,Unes,Unes,Q131740233,it,,2,Unes,unes,only_png,,unes.png
supermarket,unide-0513f1,Unide,Unide,,es,,0,Unide,unide,no,,
supermarket,unimarc-d25066,Unimarc,Unimarc,Q6156244,cl,,0,Unimarc,unimarc,only_png,,unimarc.png
supermarket,unimarkt-1eef1d,Unimarkt,Unimarkt,Q1169599,at,,0,Unimarkt,unimarkt,no,,
wholesale,unistoroptandroznitsa-f292f1,Unistore опт&розница,Unistore опт&розница,Q136671028,by,,0,Unistore опт&розница,unistore,no,,
convenience,united-0b0ae9,United,United,Q28224393,au,,1,United,united,only_png,,united.png
convenience,uniteddairyfarmers-f1e40b,United Dairy Farmers,United Dairy Farmers,Q7887677,us,,0,United Dairy Farmers,united-dairy-farmers,only_png,,united-dairy-farmers.png
supermarket,unitedgroceryoutlet-aecdaf,United Grocery Outlet,United Grocery Outlet,Q23074318,us-al.geojson|us-ga.geojson|us-ky.geojson|us-nc.geojson|us-tn.geojson|us-va.geojson,,0,United Grocery Outlet,united-grocery-outlet,no,,
supermarket,unitedsupermarkets-a6c312,United Supermarkets,United Supermarkets,Q17108901,us-tx.geojson,,0,United Supermarkets,united-supermarkets,only_png,,united-supermarkets.png
convenience,univerexport-3015fb,Univerexport,Univerexport,Q12747294,rs,,2,Univerexport,univerexport,both,univerexport.svg,univerexport.png
supermarket,univerexport-b83687,Univerexport,Univerexport,Q12747294,rs,,2,Univerexport,univerexport,both,univerexport.svg,univerexport.png
pet,unleashed-81a22d,Unleashed,Unleashed,Q62122874,us,,0,Unleashed,unleashed,no,,
convenience,usmarket-f1e40b,US Market,US Market,Q130527696,us,,0,US Market,us-market,only_png,,us-market.png
supermarket,usave-1d4ed7,Usave,Usave,Q115696368,ao|bw|ls|mw|mz|na|sz|za,,0,Usave,usave,no,,
convenience,usave-8978c5,USave (UK),USave,Q121435010,gb-sct,,0,USave,usave,no,,
convenience,usmile-da9ca7,uSmile 昆仑好客,uSmile 昆仑好客,Q66480830,cn,,2,uSmile 昆仑好客,usmile,no,,
convenience,utile-bf3eb4,Utile,Utile,Q2529029,fr,,0,Utile,utile,only_png,,utile.png
supermarket,uselect-745f9c,U購Select U Select,U購Select U Select,Q22098822,hk,,0,U購Select U Select,uselect-u-select,no,,
alcohol,vandb-f2c698,V and B,V and B,Q100706329,fx,,1,V and B,v-and-b,no,,
supermarket,vmarkt-0a839e,V-MARKT,V-MARKT,Q1504903,de,,1,V-MARKT,v-markt,only_png,,v-markt.png
bakery,valeriostropicalbakeshop-515502,Valerio's Tropical Bakeshop,Valerio's Tropical Bakeshop,Q125537872,ca|us,,0,Valerio's Tropical Bakeshop,valerios-tropical-bakeshop,no,,
convenience,valero-6ca601,Valero,Valero,Q1283291,ca|de|fx|gb|us,,0,Valero,valero,both,valero.svg,valero.png
supermarket,vallarta-dde59d,Vallarta,Vallarta,Q7911833,us,,0,Vallarta,vallarta,only_png,,vallarta.png
supermarket,valumart-76454b,Valu-mart,Valu-mart,Q7912687,ca,,0,Valu-mart,valu-mart,no,,
convenience,vango-298a73,VanGO,VanGO,Q10853203,hk,,0,VanGO,vango,no,,
supermarket,varus-94881c,Varus,Varus,Q114944216,ua,,1,Varus,varus,no,,
pastry,vatsak-96373c,Vatsak,Vatsak,Q30966576,md|pl|ro|sk|ua,,4,Vatsak,vatsak,no,,
supermarket,vea-0d2b84,Vea,Vea,Q5858167,ar,,0,Vea,vea,no,,
dairy,veronika-26fd0f,Veronika,Veronika,Q87399724,hr,,0,Veronika,veronika,no,,
convenience,vesko-401681,Vesko,Vesko,,lv,,0,Vesko,vesko,no,,
supermarket,victory-6b65f1,Victory,Victory,Q6564842,il,,0,Victory,victory,no,,
supermarket,vidal-0513f1,Vidal Supermercados,Vidal Supermercados,Q114915046,es,,0,Vidal Supermercados,vidal-supermercados,no,,
bakery,vincent-839c38,Vincent,Vincent,Q113308366,pl,,0,Vincent,vincent,no,,
alcohol,vinmonopolet-af24f5,Vinmonopolet,Vinmonopolet,Q1740534,no,,0,Vinmonopolet,vinmonopolet,no,,
alcohol,vinoandvino-b2a55f,Vino&Vino,Vino&Vino,Q136718877,by,,0,Vino&Vino,vino-vino,no,,
butcher,vinzenzmurr-4d0b4d,Vinzenzmurr,Vinzenzmurr,Q2527361,de,,0,Vinzenzmurr,vinzenzmurr,no,,
alcohol,virginiaabc-85cc28,Virginia ABC,Virginia ABC,Q7934236,us-va.geojson,,0,Virginia ABC,virginia-abc,no,,
convenience,virsi-401681,Virši,Virši,Q50378789,lv,,0,Virši,virsi,only_png,,virsi.png
supermarket,vishalmegamart-9ef8f9,Vishal Mega Mart,Vishal Mega Mart,Q126895037,in,,0,Vishal Mega Mart,vishal-mega-mart,only_png,,vishal-mega-mart.png
health_food,vitaliareformhaus-f6f874,VITALIA Reformhaus,VITALIA Reformhaus,Q2528558,de,,1,VITALIA Reformhaus,vitalia-reformhaus,no,,
nutrition_supplements,vitaminworld-8feed0,Vitamin World,Vitamin World,Q7936979,us,,0,Vitamin World,vitamin-world,no,,
nutrition_supplements,vitaminstore-e87d47,Vitaminstore,Vitaminstore,Q123535847,nl,,0,Vitaminstore,vitaminstore,no,,
convenience,viva-16370c,Viva,Viva,Q120134542,at|bg|cz|hu|ro|rs|sk,,0,Viva,viva,no,,
convenience,vivabilla-65ae8a,Viva Billa,Viva Billa,Q124305949,cz|sk,,0,Viva Billa,viva-billa,no,,
convenience,vival-12cc61,Vival,Vival,Q7937525,fr|pe,,0,Vival,vival,only_png,,vival.png
convenience,viveco-f6dc0a,Viveco,Viveco,,fx,,0,Viveco,viveco,no,,
supermarket,voi-36e991,VOI,VOI,Q110277616,ch,,0,VOI,voi,no,,
chocolate,voisin-b0e734,Voisin,Voisin,Q3562373,fx,,0,Voisin,voisin,no,,
supermarket,volg-704edb,Volg,Volg,Q2530746,ch|li,,0,Volg,volg,no,,
alcohol,volna-1b6876,Volna,Volna,,kz,,0,Volna,volna,no,,
supermarket,vomar-5811b5,Vomar,Vomar,Q3202837,nl,,1,Vomar,vomar,both,vomar.svg,vomar.png
deli,vomfass-a3c745,vomFASS,vomFASS,Q2533008,at|be|br|ca|ch|cz|de|dk|es|fr|gb|hk|hr|hu|il|it|jp|lv|mx|my|ph|sg|th|us,,0,vomFASS,vomfass,no,,
bakery,vonallworden-3f448e,von Allwörden,von Allwörden,Q60411349,de,,2,von Allwörden,von-allworden,no,,
supermarket,vons-dde59d,Vons,Vons,Q7941609,us,,0,Vons,vons,both,vons.svg,vons.png
convenience,votremarche-f6dc0a,Votre Marché,Votre Marché,Q89135338,fx,,0,Votre Marché,votre-marche,no,,
alcohol,vynoteka-fff5c5,Vynoteka,Vynoteka,Q50378897,lt|lv,,0,Vynoteka,vynoteka,only_png,,vynoteka.png
supermarket,wafelek-9e6a6c,Wafelek,Wafelek,Q133278921,pl,,0,Wafelek,wafelek,only_png,,wafelek.png
convenience,waitrose-126aa8,Waitrose,Waitrose,Q771734,gb|je,,0,Waitrose,waitrose,both,waitrose.svg,waitrose.png
supermarket,waitrose-dd6d3a,Waitrose,Waitrose,Q771734,gb|je,,0,Waitrose,waitrose,both,waitrose.svg,waitrose.png
deli,wajos-d2192e,Wajos,Wajos,Q125418458,de|lu,,0,Wajos,wajos,no,,
variety_store,waldos-072262,Waldo's,Waldo's,Q6166095,mx,,0,Waldo's,waldos,no,,
supermarket,walmartexpress-9b2dfb,Walmart Express,Walmart,Q483551,mx,,0,Walmart,walmart,both,walmart.svg,walmart.png
supermarket,walmartsupercenter-757af0,Walmart Supercenter,Walmart,Q483551,in|mx|us,,1,Walmart,walmart,both,walmart.svg,walmart.png
supermarket,walmartsupercentre-76454b,Walmart Supercentre,Walmart,Q483551,ca,,1,Walmart,walmart,both,walmart.svg,walmart.png
supermarket,walmartneighborhoodmarket-dde59d,Walmart Neighborhood Market,Walmart Neighborhood Market,Q7963529,us,,0,Walmart Neighborhood Market,walmart-neighborhood-market,no,,
bakery,warrensbakery-680575,Warrens Bakery,Warrens Bakery,Q7970646,gb,,0,Warrens Bakery,warrens-bakery,no,,
supermarket,wasgau-0a839e,Wasgau,Wasgau,Q2536857,de,,0,Wasgau,wasgau,only_png,,wasgau.png
convenience,wawa-dad45f,Wawa,Wawa,Q5936320,us-dc.geojson|us-de.geojson|us-fl.geojson|us-md.geojson|us-nj.geojson|us-pa.geojson|us-va.geojson,,0,Wawa,wawa,only_png,,wawa.png
convenience,waypointconvenience-eea72f,Waypoint Convenience,Waypoint Convenience,Q121289008,ca,,0,Waypoint Convenience,waypoint-convenience,only_png,,waypoint-convenience.png
supermarket,wegmans-dde59d,Wegmans,Wegmans,Q11288478,us,,0,Wegmans,wegmans,both,wegmans.svg,wegmans.png
convenience,weigels-f1e40b,Weigel's,Weigel's,Q7979844,us,,0,Weigel's,weigels,no,,
supermarket,weis-dde59d,Weis,Weis,Q7980370,us,,0,Weis,weis,only_png,,weis.png
convenience,welcome-232829,Welcome,Welcome,Q123004215,gb,,0,Welcome,welcome,only_png,,welcome.png
bakery,wenzels-680575,Wenzel's,Wenzel's,Q99357750,gb,,0,Wenzel's,wenzels,no,,
convenience,wesco-f1e40b,Wesco,Wesco,Q7949045,us,,0,Wesco,wesco,only_png,,wesco.png
frozen_food,wesolapani-ec5a92,Wesoła Pani,Wesoła Pani,Q123240454,pl,,0,Wesoła Pani,wesoa-pani,no,,
tea,whittardofchelsea-1b668e,Whittard of Chelsea,Whittard of Chelsea,Q7996831,gb,,0,Whittard of Chelsea,whittard-of-chelsea,no,,
supermarket,wholefoodsmarket-90050a,Whole Foods Market,Whole Foods Market,Q1809448,ca|gb|us,,1,Whole Foods Market,whole-foods-market,both,whole-foods-market.svg,whole-foods-market.png
supermarket,wholesaleclub-76454b,Wholesale Club,Wholesale Club,Q7997568,ca,,0,Wholesale Club,wholesale-club,only_png,,wholesale-club.png
bakery,wienerfeinbackerheberer-3f448e,Wiener Feinbäcker Heberer,Wiener Feinbäcker Heberer,Q15854357,de,,4,Wiener Feinbäcker Heberer,wiener-feinbacker-heberer,no,,
bakery,wienerroither-2e087b,Wienerroither,Wienerroither,Q110474658,at,,2,Wienerroither,wienerroither,no,,
butcher,wierzejki-436f1d,Wierzejki,Wierzejki,Q113227420,pl,,0,Wierzejki,wierzejki,no,,
pet,wildbirdsunlimited-81a22d,Wild Birds Unlimited,Wild Birds Unlimited,Q8000542,us,,0,Wild Birds Unlimited,wild-birds-unlimited,no,,
variety_store,wilko-622078,Wilko,Wilko,Q8002536,gb,,2,Wilko,wilko,no,,
supermarket,willys-c57afb,Willys,Willys,Q10720214,se,,0,Willys,willys,both,willys.svg,willys.png
supermarket,wincofoods-dde59d,WinCo Foods,WinCo Foods,Q8023592,us,,0,WinCo Foods,winco-foods,only_svg,winco-foods.svg,
wine,winerack-66406f,Wine Rack (Canada),Wine Rack,Q86707661,ca,,0,Wine Rack,wine-rack,no,,
wine,winerack-d8d8ce,Wine Rack (UK),Wine Rack,Q132687409,gb,,0,Wine Rack,wine-rack,no,,
alcohol,wineandspirits-b2a55f,Wine&Spirits,Wine&Spirits,Q136718899,by,,0,Wine&Spirits,wine-spirits,no,,
wine,winemark-33598c,Winemark,Winemark,Q122011535,gb-nir,,0,Winemark,winemark,no,,
wine,winetime-fd1c0f,WINETIME,WINETIME,Q116698397,ua,,1,WINETIME,winetime,no,,
supermarket,winmart-45db57,WinMart,WinMart,Q60245505,vn,,1,WinMart,winmart,only_png,,winmart.png
convenience,winmart-61b913,WinMart+,WinMart+,Q113236478,vn,,1,WinMart+,winmart,only_png,,winmart.png
supermarket,winndixie-dde59d,Winn-Dixie,Winn-Dixie,Q1264366,us,,0,Winn-Dixie,winn-dixie,both,winn-dixie.svg,winn-dixie.png
bakery,wolf-697817,Wolf,Wolf,Q125783445,"[10.9,48.4,25]",,2,Wolf,wolf,no,,
supermarket,woodmansmarkets-5dc7ba,Woodman's Markets,Woodman's Markets,Q8033073,us-il.geojson|us-wi.geojson,,0,Woodman's Markets,woodmans-markets,only_png,,woodmans-markets.png
supermarket,woolworths-5dc426,Woolworths (New Zealand),Woolworths,Q5176845,nz,,1,Woolworths,woolworths,only_png,,woolworths.png
supermarket,woolworths-c254c9,Woolworths (Australia),Woolworths,Q3249145,au,,0,Woolworths,woolworths,only_png,,woolworths.png
supermarket,woolworthsmetro-5dc426,Woolworths Metro (New Zealand),Woolworths Metro,Q123699264,nz,,0,Woolworths Metro,woolworths-metro,only_png,,woolworths-metro.png
supermarket,woolworthsmetro-c254c9,Woolworths Metro (Australia),Woolworths Metro,Q111772555,au,,0,Woolworths Metro,woolworths-metro,only_png,,woolworths-metro.png
convenience,woolworthsmetrogo-0b0ae9,Woolworths MetroGo,Woolworths MetroGo,Q111772555,au,,0,Woolworths MetroGo,woolworths-metrogo,only_png,,woolworths-metrogo.png
bakery,woops-03cd91,Woops!,Woops!,Q110474786,us,,0,Woops!,woops,no,,
variety_store,wreesmann-9f9d31,Wreesmann,Wreesmann,Q108739374,de,,2,Wreesmann,wreesmann,no,,
convenience,x-fb2210,x,x,,ph,,0,x,x,no,,
convenience,xl-cb4625,XL,XL,Q4836838,ie,,0,XL,xl,no,,
supermarket,xtra-85c6ac,Xtra,Xtra,,pa,,0,Xtra,xtra,no,,
convenience,xtramart-ff595a,XtraMart,XtraMart,Q119586946,us-ct.geojson|us-ma.geojson|us-me.geojson|us-nh.geojson|us-ny.geojson|us-ri.geojson,,0,XtraMart,xtramart,no,,
convenience,yellow-2f0294,Yellow,Yellow,Q12403268,il,,0,Yellow,yellow,only_png,,yellow.png
supermarket,yeme-4ccde8,Yeme,Yeme,Q108757006,sk,,0,Yeme,yeme,both,yeme.svg,yeme.png
convenience,yesway-f1e40b,Yesway,Yesway,Q75851666,us,,0,Yesway,yesway,only_png,,yesway.png
supermarket,yogya-9b33de,Yogya,Yogya,Q124353073,id,,0,Yogya,yogya,only_png,,yogya.png
convenience,yomart-bb8a09,Yomart,Yomart,Q19745366,id,,0,Yomart,yomart,no,,
convenience,yormas-60c7fe,Yorma's,Yorma's,Q2600868,de,,0,Yorma's,yormas,only_png,,yormas.png
convenience,yourcoopfood-232829,Your Coop Food (Midcounties Co-operative),Your Coop Food,Q121084548,gb,,1,Your Coop Food,your-coop-food,only_png,,your-coop-food.png
variety_store,yourdollarstorewithmore-f36c63,Your Dollar Store With More,Your Dollar Store With More,Q8058777,ca,,0,Your Dollar Store With More,your-dollar-store-with-more,no,,
supermarket,yourindependentgrocer-76454b,Your Independent Grocer,Your Independent Grocer,Q8058833,ca,,1,Your Independent Grocer,your-independent-grocer,only_png,,your-independent-grocer.png
butcher,yuhor-c999d0,Yuhor,Yuhor,Q12747875,rs,,0,Yuhor,yuhor,no,,
chocolate,yvesthuries-c71a51,Yves Thuriès,Yves Thuriès,,fr,,1,Yves Thuriès,yves-thuries,no,,
bakery,klara-0cc7ae,Zagrebačke pekarne Klara,Zagrebačke pekarne Klara,Q125815636,hr,,0,Zagrebačke pekarne Klara,zagrebacke-pekarne-klara,no,,
supermarket,zehrs-76454b,Zehrs,Zehrs,Q8068546,ca,,0,Zehrs,zehrs,only_png,,zehrs.png
bakery,zeitfurbrot-3f448e,Zeit für Brot,Zeit für Brot,Q109780385,de,,0,Zeit für Brot,zeit-fur-brot,no,,
butcher,zemanmasouzeniny-019d77,Zeman maso-uzeniny,Zeman maso-uzeniny,Q105961806,cz,,0,Zeman maso-uzeniny,zeman-maso-uzeniny,no,,
bakery,zeppitz-6ec796,Zeppitz,Zeppitz,Q119808019,at-2.geojson,,1,Zeppitz,zeppitz,no,,
bakery,ziarenko-839c38,Ziarenko,Ziarenko,Q133855957,pl,,0,Ziarenko,ziarenko,no,,
pet,zooandco-f5d6d7,Zoo & Co.,Zoo & Co.,Q219979,at|de,,0,Zoo & Co.,zoo-co,no,,
pet,zoocenter-33ac80,Zoo Center,Zoo Center,Q122959781,bg,,0,Zoo Center,zoo-center,no,,
pet,zoobazar-3053c4,ZOObazar,ZOObazar,Q128693988,by,,0,ZOObazar,zoobazar,no,,
pet,zoobonus-a879a3,ZooBonus,ZooBonus,Q116920737,ua,,1,ZooBonus,zoobonus,no,,
convenience,zoom-54f9c3,Zoom,Zoom,,ae,,0,Zoom,zoom,no,,
pet,e83696-3053c4,ZOOмаркет,ZOOмаркет,Q136821517,by,,0,ZOOмаркет,zoo,no,,
cheese,zuivelhoeve-cd1743,Zuivelhoeve,Zuivelhoeve,Q106581549,nl,,0,Zuivelhoeve,zuivelhoeve,no,,
pet,zverokruh-381fdf,Zvěrokruh,Zvěrokruh,Q54980452,cz,,0,Zvěrokruh,zverokruh,no,,
frozen_food,ecomiam-e0768d,Écomiam,Écomiam,Q130215661,fx,,0,Écomiam,ecomiam,no,,
convenience,episervice-f6dc0a,Épi Service,Épi Service,,fx,,0,Épi Service,epi-service,no,,
variety_store,oob-aa81b7,ÖoB,ÖoB,Q10728663,se,,2,ÖoB,oob,no,,
alcohol,swiatalkoholi-48eb32,Świat Alkoholi,Świat Alkoholi,,pl,,0,Świat Alkoholi,swiat-alkoholi,no,,
butcher,swiezyzna-436f1d,Świeżyzna,Świeżyzna,Q127503430,pl,,0,Świeżyzna,swiezyzna,no,,
supermarket,sok-5b5772,Şok,Şok,Q19613992,tr,,0,Şok,sok,only_png,,sok.png
convenience,sok-62eaab,Şok,Şok,Q19613992,tr,,0,Şok,sok,only_png,,sok.png
convenience,sokmini-62eaab,Şok Mini,Şok,Q19613992,tr,,0,Şok,sok,only_png,,sok.png
convenience,zabka-95f41b,Żabka,Żabka,Q2589061,pl,,1,Żabka,zabka,only_png,,zabka.png
convenience,zappka-95f41b,Żappka,Żappka,Q113307807,pl,,0,Żappka,zappka,only_png,,zappka.png
convenience,zabka-a7773e,Žabka,Žabka,Q133445159,cz,,1,Žabka,zabka,only_png,,zabka.png
supermarket,abvassilopoulos-37450e,ΑΒ Βασιλόπουλος,ΑΒ Βασιλόπουλος,Q4721807,gr,,0,ΑΒ Βασιλόπουλος,,no,,
bakery,veneti-ec42d9,Βενέτη,Βενέτη,Q106776278,gr,,0,Βενέτη,,no,,
supermarket,galaxias-37450e,Γαλαξίας,Γαλαξίας,Q5518063,gr,,0,Γαλαξίας,,no,,
supermarket,kritikos-37450e,Κρητικός,Κρητικός,Q129911567,gr,,0,Κρητικός,,no,,
supermarket,masoutis-37450e,Μασούτης,Μασούτης,Q6783887,gr,,0,Μασούτης,,no,,
supermarket,sklavenitis-40667a,Σκλαβενίτης,Σκλαβενίτης,Q7536037,cy|gr,,0,Σκλαβενίτης,,no,,
bakery,terkenlis-e9ca96,Τερκενλής,Τερκενλής,Q16956985,cy|gr|mk,,0,Τερκενλής,,no,,
supermarket,6784df-94881c,Абсолют (Україна),Абсолют,Q62389546,ua,,0,Абсолют,,no,,
supermarket,6784df-d5eaac,Абсолют (Россия),Абсолют,Q62389597,ru,,0,Абсолют,,no,,
convenience,6784df-e33fbc,Абсолют,Абсолют,,ru,,1,Абсолют,,no,,
convenience,61e46c-e33fbc,АВ Daily,АВ Daily,,ru,,0,АВ Daily,daily,no,,
alcohol,avanti-059946,Аванти,Аванти,Q111364476,bg,,0,Аванти,,no,,
convenience,avocado-e33fbc,Авокадо,Авокадо,Q126134205,ru,,0,Авокадо,,no,,
supermarket,avoska-d5eaac,Авоська,Авоська,,ru,,0,Авоська,,no,,
convenience,f1cc88-e33fbc,Авоська,Авоська,,ru,,0,Авоська,,no,,
variety_store,4b0bb7-386db3,Аврора,Аврора,Q117669095,ua,,5,Аврора,,no,,
convenience,35f889-e33fbc,Агрокомплекс,Агрокомплекс,,ru,,0,Агрокомплекс,,no,,
convenience,1e42c5-e33fbc,Агрокомплекс Выселковский,Агрокомплекс Выселковский,,ru,,0,Агрокомплекс Выселковский,,no,,
convenience,2c5fb3-e33fbc,Азбука daily,Азбука daily,,ru,,0,Азбука daily,daily,no,,
supermarket,azbukavkusa-d5eaac,Азбука Вкуса,Азбука Вкуса,Q4058209,ru,,0,Азбука Вкуса,,no,,
supermarket,d1ee01-c9c3c5,Азия,Азия,,kg|kz|uz,,0,Азия,,no,,
convenience,6580f9-7f3189,Айсберг,Айсберг,,kg|kz|ru,,0,Айсберг,,no,,
convenience,akkond-e33fbc,Акконд,Акконд,Q4053986,ru,,0,Акконд,,no,,
convenience,alesya-e64bef,Алеся,Алеся,Q136718379,by,,0,Алеся,,no,,
alcohol,4b1e16-1b6876,Алкомаркет,Алкомаркет,,kz,,0,Алкомаркет,,no,,
alcohol,f6b7b7-b9f2fe,Алкотека,Алкотека,,ru,,0,Алкотека,,no,,
supermarket,almi-a384d0,Алми,Алми,Q136695896,by,,0,Алми,,no,,
convenience,aman-3015fb,Aman,Аман,Q116235856,rs,,0,Аман,,no,,
alcohol,amatista-b2a55f,Аматиста,Аматиста,Q136753138,by,,0,Аматиста,,no,,
supermarket,5165e0-d5eaac,Аникс,Аникс,,ru,,0,Аникс,,no,,
convenience,antresol-e64bef,Антресоль,Антресоль,Q136723414,by,,0,Антресоль,,no,,
butcher,f172c7-6e607d,Ариант,Ариант,Q110955672,ru,,0,Ариант,,no,,
convenience,aroma-3015fb,Aroma,Арома,Q116446961,rs,,0,Арома,,no,,
alcohol,5a713f-b9f2fe,Ароматный мир,Ароматный мир,Q109852336,ru,,0,Ароматный мир,,no,,
convenience,804527-e33fbc,Ассорти-продукт,Ассорти-продукт,,ru,,0,Ассорти-продукт,,no,,
supermarket,atac-d5eaac,Атак,Атак,Q2868738,ru,,0,Атак,,no,,
supermarket,atbmarket-94881c,АТБ-Маркет,АТБ-Маркет,Q4054103,ua,,4,АТБ-Маркет,,no,,
supermarket,auchan-94881c,Ашан (Україна),Ашан,Q4073419,ua,,0,Ашан,,no,,
supermarket,auchan-d5eaac,Ашан,Ашан,Q110053013,ru,,0,Ашан,,no,,
convenience,5bf142-023e9c,Бадьорий,Бадьорий,Q134999877,ua,,0,Бадьорий,,no,,
supermarket,79c5a6-d5eaac,Байрам,Байрам,,ru,,0,Байрам,,no,,
alcohol,acee20-1b6876,Барик,Барик,,kz,,0,Барик,,no,,
supermarket,baton-d5eaac,Батон,Батон,Q131625080,ru,,0,Батон,,no,,
supermarket,belmarket-a384d0,Белмаркет,Белмаркет,Q4082116,by,,0,Белмаркет,,no,,
convenience,ed92ce-e64bef,Белоруснефть,Белоруснефть,Q4082693,by,,0,Белоруснефть,,no,,
alcohol,beltamozhservis-b2a55f,Белтаможсервис,Белтаможсервис,Q136753152,by,,0,Белтаможсервис,,no,,
convenience,060bbf-a39fe8,Береке,Береке,,kg|kz,,0,Береке,,no,,
deli,f77fb7-2f84cd,Берёзка,Берёзка,Q115656510,bg,,2,Берёзка,,no,,
pet,90c94e-13b7f6,Бетховен,Бетховен,Q62390798,ru,,0,Бетховен,,no,,
convenience,106d49-023e9c,Близенько,Близенько,Q117670418,ua,,2,Близенько,,no,,
supermarket,106d49-94881c,Близенько,Близенько,Q117670418,ua,,2,Близенько,,no,,
alcohol,d11d60-892b0a,Бочка,Бочка,,kz|ru,,0,Бочка,,no,,
alcohol,69bf4f-b9f2fe,Бристоль,Бристоль,Q59155583,ru,,0,Бристоль,,no,,
supermarket,bulmag-56b425,Булмаг,Булмаг,Q66133376,bg,,0,Булмаг,,no,,
bakery,3946ef-44faa4,Булочные Ф. Вольчека,Булочные Ф. Вольчека,Q109910298,ru,,1,Булочные Ф. Вольчека,,no,,
supermarket,1b9c5d-56b425,Бурлекс,Бурлекс,Q124736705,bg,,0,Бурлекс,,no,,
bakery,bd6837-44faa4,Буханка,Буханка,,ru,,0,Буханка,,no,,
bakery,bushe-44faa4,буше,буше,Q110044050,ru,,0,буше,,no,,
alcohol,8126ac-345467,Біле Сухе,Біле Сухе,Q121464345,ua,,1,Біле Сухе,,no,,
convenience,5e7e9e-c491ec,Везунчик,Везунчик,,ru|ua,,0,Везунчик,,no,,
butcher,fc51bd-6e607d,Великолукский мясокомбинат,Великолукский мясокомбинат,Q18401767,ru,,0,Великолукский мясокомбинат,,no,,
supermarket,62e010-94881c,Велмарт,Велмарт,Q121004370,ua,,1,Велмарт,,no,,
supermarket,5a1923-d5eaac,Верный,Верный,Q110037370,ru,,0,Верный,,no,,
convenience,5a1923-e33fbc,Верный,Верный,,ru,,0,Верный,,no,,
convenience,vesta-e64bef,Веста,Веста,Q136697077,by,,0,Веста,,no,,
supermarket,9034b8-d5eaac,Виктория,Виктория,Q4111046,ru,,0,Виктория,,no,,
wine,3c7c62-fd1c0f,Вина Світу,Вина Світу,Q122226816,ua,,1,Вина Світу,,no,,
alcohol,41aea9-b9f2fe,Винлаб,Винлаб,Q109907753,ru,,0,Винлаб,,no,,
alcohol,vino-b2a55f,Вино,Вино,Q136723579,by,,0,Вино,,no,,
alcohol,eaf1c4-079ad0,Виноград,Виноград,,ru|uz,,0,Виноград,,no,,
supermarket,ccbce1-a384d0,Виталюр,Виталюр,Q55663075,by,,0,Виталюр,,no,,
convenience,vitebskieprodukty-e64bef,Витебские продукты,Витебские продукты,Q136718548,by,,0,Витебские продукты,,no,,
convenience,vkusvill-e33fbc,ВкусВилл,ВкусВилл,Q57271676,ru,,0,ВкусВилл,,no,,
convenience,vozhyk-e64bef,Вожык,Вожык,Q136671146,by,,0,Вожык,,no,,
convenience,34f9fe-1656a9,Волна,Волна,,by|kg|kz|ru,,0,Волна,,no,,
supermarket,vopak-94881c,Вопак,Вопак,Q30966107,ua,,0,Вопак,,no,,
convenience,e404bb-7f3189,Восток,Восток,,kg|kz|ru,,0,Восток,,no,,
dairy,bdba68-2958ef,Вършец,Вършец,Q136523255,bg,,0,Вършец,,no,,
convenience,e59ac7-023e9c,Вікторія,Вікторія,,ua,,0,Вікторія,,no,,
butcher,ef4709-d60de5,Галицька Свіжина,Галицька Свіжина,Q131607436,ua,,1,Галицька Свіжина,,no,,
frozen_food,538c69-b89636,Галя Балувана,Галя Балувана,Q117744813,ua,,4,Галя Балувана,,no,,
convenience,9c4b81-e33fbc,Гастрономчикъ,Гастрономчикъ,,ru,,1,Гастрономчикъ,,no,,
supermarket,2bada2-986a24,Гипер Лента,Гипер Лента,,001,,0,Гипер Лента,,no,,
supermarket,hippo-a384d0,Гиппо,Гиппо,Q136677843,by,,0,Гиппо,,no,,
alcohol,8e7c78-b9f2fe,Главпиво,Главпиво,Q110138058,ru,,0,Главпиво,,no,,
supermarket,d19aa5-71a9f7,Глобус,Глобус,,kg|ru,,0,Глобус,,no,,
alcohol,94e163-892b0a,Горилка,Горилка,,kz|ru,,0,Горилка,,no,,
alcohol,1238a0-b9f2fe,Градус,Градус,,ru,,0,Градус,,no,,
alcohol,3b4761-b9f2fe,Градусы,Градусы,Q110137876,ru,,0,Градусы,,no,,
convenience,grenka-e64bef,Гренка,Гренка,Q136697094,by,,0,Гренка,,no,,
convenience,grodar-e64bef,ГроДар,ГроДар,Q136718933,by,,0,ГроДар,,no,,
supermarket,44aeb3-4736ec,Гроздь,Гроздь,Q21638412,am|by|kz|ru,,0,Гроздь,,no,,
convenience,44aeb3-e33fbc,Гроздь,Гроздь,Q21638412,ru,,0,Гроздь,,no,,
supermarket,groserov-d5eaac,Гросеров,Гросеров,Q112764775,ru,,0,Гросеров,,no,,
convenience,groshyk-e64bef,Грошык,Грошык,Q136670774,by,,0,Грошык,,no,,
supermarket,40c23e-d5eaac,Гулливер,Гулливер,Q58003470,ru,,0,Гулливер,,no,,
pet,0f0923-33ac80,Нечовешки магазин Д-р Стефанов,Д-р Стефанов,Q122959304,bg,,2,Д-р Стефанов,,no,,
supermarket,da-d5eaac,ДА!,ДА!,Q127829045,ru,,0,ДА!,,no,,
supermarket,dar-56b425,Дар,Дар,Q114053570,bg,,0,Дар,,no,,
supermarket,dvagusya-a384d0,Два гуся,Два гуся,Q136697163,by,,0,Два гуся,,no,,
convenience,292dce-023e9c,Делві,Делві,Q117866197,ua,,1,Делві,,no,,
supermarket,desyatochka-d5eaac,Десяточка,Десяточка,Q61876182,ru,,0,Десяточка,,no,,
butcher,125474-42f5d4,Дзержинка,Дзержинка,,by,,0,Дзержинка,,no,,
supermarket,dixy-d5eaac,Дикси,Дикси,Q4161561,ru,,0,Дикси,,no,,
supermarket,dionis-a384d0,Дионис,Дионис,Q136697028,by,,0,Дионис,,no,,
supermarket,dis-b83687,ДИС,ДИС,Q115091348,rs,,0,ДИС,,no,,
convenience,67d62e-4d6b4b,Доброном,Доброном,,001,,0,Доброном,,no,,
supermarket,dobronom-a384d0,Доброном,Доброном,Q97312362,by,,0,Доброном,,no,,
supermarket,dobrotsen-4736ec,Доброцен,Доброцен,Q136697017,am|by|kz|ru,,0,Доброцен,,no,,
pet,domazhdut-3053c4,Дома ждут,Дома ждут,Q136821483,by,,0,Дома ждут,,no,,
convenience,06a7d6-023e9c,Домашній маркет,Домашній маркет,Q131607469,ua,,0,Домашній маркет,,no,,
convenience,dorors-e64bef,ДорОрс,ДорОрс,Q136661359,by,,0,ДорОрс,,no,,
convenience,druzya-e64bef,Друзья,Друзья,Q136718918,by,,0,Друзья,,no,,
convenience,ab7c05-7ad3ae,Дәулет,Дәулет,,kz,,0,Дәулет,,no,,
supermarket,euroopthyper-a384d0,Евроопт Hyper,Евроопт,Q65455975,by,,0,Евроопт,,no,,
convenience,eurooptmarket-e64bef,Евроопт Market,Евроопт,Q65455869,by,,0,Евроопт,,no,,
convenience,eurooptminimarket-e64bef,Евроопт Минимаркет,Евроопт,Q65455911,by,,0,Евроопт,,no,,
supermarket,eurooptprime-a384d0,Евроопт Prime,Евроопт,Q136750549,by,,0,Евроопт,,no,,
supermarket,eurooptsuper-a384d0,Евроопт Super,Евроопт,Q65455960,by,,0,Евроопт,,no,,
supermarket,72c317-94881c,ЕКО маркет,ЕКО маркет,Q12103350,ua,,1,ЕКО маркет,,no,,
frozen_food,b8e49f-785417,Ермолино,Ермолино,,ru,,0,Ермолино,,no,,
convenience,yermolino-e33fbc,Ермолино,Ермолино,Q109995205,ru,,1,Ермолино,,no,,
bakery,0c0c80-44faa4,Жар свежар,Жар свежар,,ru,,0,Жар свежар,,no,,
convenience,zhivinka-e64bef,Живинка,Живинка,Q136752967,by,,0,Живинка,,no,,
convenience,zavodskoy-e64bef,Заводской,Заводской,Q136752982,by,,0,Заводской,,no,,
convenience,9020b8-c281b4,Заря,Заря,,by|kz|ru,,0,Заря,,no,,
butcher,eff0d0-6e607d,Звениговский,Звениговский,Q110956402,ru,,0,Звениговский,,no,,
health_food,c4761d-aaffa4,Зелёная Аптека,Зелёная Аптека,Q123362420,by,,3,Зелёная Аптека,,no,,
pet,353ff5-13b7f6,Золотая рыбка,Золотая рыбка,Q110775004,ru,,0,Золотая рыбка,,no,,
convenience,zolotoykolos-e64bef,Золотой колос,Золотой колос,Q136723406,by,,0,Золотой колос,,no,,
pet,b42651-33ac80,Зоозинче,Зоозинче,Q122959304,bg,,0,Зоозинче,,no,,
pet,49dd5c-d273ef,Зоомир,Зоомир,,by|ru,,0,Зоомир,,no,,
convenience,8d46a2-c281b4,Изюминка,Изюминка,,by|kz|ru,,0,Изюминка,,no,,
seafood,43b6ed-93be8b,Икорный,Икорный,,ru,,0,Икорный,,no,,
convenience,685f12-e33fbc,Йола-маркет,Йола-маркет,,ru,,0,Йола-маркет,,no,,
convenience,a5ede8-c281b4,Калина,Калина,,by|kz|ru,,0,Калина,,no,,
supermarket,146354-56b425,Кам Маркет (България),Кам Маркет,Q65296228,bg,,0,Кам Маркет,,no,,
tea,cantata-6c79c5,Кантата,Кантата,Q110226292,ru,,0,Кантата,,no,,
convenience,60a976-c281b4,Катюша,Катюша,,by|kz|ru,,0,Катюша,,no,,
convenience,212655-023e9c,Квартал,Квартал,Q25446563,ua,,1,Квартал,,no,,
supermarket,212655-94881c,Квартал,Квартал,Q25446563,ua,,1,Квартал,,no,,
convenience,32310f-e64bef,Квартал вкуса,Квартал вкуса,,by,,0,Квартал вкуса,,no,,
convenience,e93bd8-854be4,КварталМаг,КварталМаг,Q136378283,bg,,0,КварталМаг,,no,,
convenience,8a217e-e33fbc,Квартет вкусов,Квартет вкусов,,ru,,0,Квартет вкусов,,no,,
convenience,5f2eca-685d2b,Кедр,Кедр,,kz|ru,,0,Кедр,,no,,
supermarket,87ac35-d5eaac,Кировский,Кировский,Q63301903,ru,,0,Кировский,,no,,
bakery,3d7cfd-3664c0,Київхліб,Київхліб,Q12110306,ua,,1,Київхліб,,no,,
butcher,959c75-d60de5,Ковбасна Мережа,Ковбасна Мережа,Q129887661,ua,,3,Ковбасна Мережа,,no,,
convenience,kolo-023e9c,Коло,Коло,Q95000076,ua,,6,Коло,,no,,
dairy,39c928-2958ef,Ком,Ком,Q136523261,bg,,0,Ком,,no,,
supermarket,komandor-d5eaac,Командор,Командор,Q61876152,ru,,0,Командор,,no,,
convenience,kopeechka-e64bef,Копеечка,Копеечка,Q97346327,by,,0,Копеечка,,no,,
convenience,kopeyka-e33fbc,Копейка,Копейка,Q1783878,ru,,0,Копейка,,no,,
supermarket,e23c32-94881c,Копійка,Копійка,Q116871080,ua,,0,Копійка,,no,,
variety_store,d2493c-386db3,Копійочка,Копійочка,Q118252103,ua,,1,Копійочка,,no,,
supermarket,corona-a384d0,Корона,Корона,Q136695892,by,,0,Корона,,no,,
convenience,3340eb-023e9c,Кошик,Кошик,,ua,,0,Кошик,,no,,
alcohol,45d784-b9f2fe,Красное&Белое,Красное&Белое,Q24933790,ru,,1,Красное&Белое,,no,,
convenience,45d784-e33fbc,Красное&Белое,Красное&Белое,Q24933790,ru,,0,Красное&Белое,,no,,
supermarket,krasnyyar-d5eaac,Красный Яр,Красный Яр,Q125516493,ru,,0,Красный Яр,,no,,
alcohol,a1e123-837fe2,Кристалл,Кристалл,,by|ru,,0,Кристалл,,no,,
bakery,d614d4-44faa4,Кулинария,Кулинария,,ru,,0,Кулинария,,no,,
bakery,kulinichi-3664c0,Кулиничі,Кулиничі,Q117003960,ua,,1,Кулиничі,,no,,
convenience,37e337-e33fbc,КуулКлевер,КуулКлевер,,ru,,0,КуулКлевер,,no,,
pet,56262d-13b7f6,Ле'Муррр,Ле'Муррр,Q109970786,ru,,1,Ле'Муррр,,no,,
supermarket,lenta-d5eaac,Лента,Лента,Q4258608,ru,,1,Лента,,no,,
convenience,baaf01-c281b4,Лилия,Лилия,,by|kz|ru,,0,Лилия,,no,,
alcohol,f36ff3-b9f2fe,Лион,Лион,,ru,,0,Лион,,no,,
supermarket,587825-94881c,ЛотОК,ЛотОК,Q117670659,ua,,1,ЛотОК,,no,,
convenience,lukoil-5a849f,Лукойл,Лукойл,Q329347,by|kz|mk|ru|uz,,1,Лукойл,,no,,
convenience,lukoil-854be4,Лукойл (България),Лукойл,Q329347,bg,,1,Лукойл,,no,,
butcher,580ce4-d60de5,Мʼясомаркет,Мʼясомаркет,Q120646698,ua,,1,Мʼясомаркет,,no,,
alcohol,5f2571-b9f2fe,Мавт-Винотека,Мавт-Винотека,,ru,,0,Мавт-Винотека,,no,,
convenience,magnit-4e470f,Магнит,Магнит,Q940518,bg|by|kg|kz|ru|uz,,1,Магнит,,no,,
supermarket,magnit-d9ae50,Магнит,Магнит,Q940518,bg|by|kg|kz|ru|uz,,0,Магнит,,no,,
supermarket,a90950-d5eaac,Магнит Семейный,Магнит Семейный,,ru,,0,Магнит Семейный,,no,,
supermarket,cb7d3a-d5eaac,Магнит у дома,Магнит у дома,,ru,,0,Магнит у дома,,no,,
supermarket,1cdf18-d5eaac,Магнолия,Магнолия,,ru,,0,Магнолия,,no,,
convenience,3776eb-e33fbc,Малинка,Малинка,,ru,,0,Малинка,,no,,
convenience,cb9d04-e33fbc,Мария,Мария,,ru,,0,Мария,,no,,
supermarket,mariara-d5eaac,Мария-Ра,Мария-Ра,Q4281631,ru,,0,Мария-Ра,,no,,
convenience,mariara-e33fbc,Мария-Ра,Мария-Ра,Q4281631,ru,,0,Мария-Ра,,no,,
supermarket,f624e9-94881c,Маркетопт,Маркетопт,Q108472154,ua,,1,Маркетопт,,no,,
supermarket,martin-a384d0,Марцін,Марцін,Q19278011,by,,0,Марцін,,no,,
butcher,matijevic-c999d0,Matijević,Матијевић,Q12752300,rs,,2,Матијевић,,no,,
supermarket,bc2a95-d5eaac,Маяк,Маяк,,ru,,0,Маяк,,no,,
convenience,mayak-e64bef,Маяк,Маяк,Q136672140,by,,0,Маяк,,no,,
convenience,mestnoeizvestnoe-e64bef,Местное известное,Местное известное,Q136724793,by,,0,Местное известное,,no,,
convenience,mikromarket-3015fb,Микромаркет,Микромаркет,Q96069894,rs,,0,Микромаркет,,no,,
alcohol,minskcrystal-b2a55f,Минск Кристалл,Минск Кристалл,Q136753142,by,,0,Минск Кристалл,,no,,
convenience,970052-e64bef,Минский хладокомбинат №2,Минский хладокомбинат №2,Q136811301,by,,0,Минский хладокомбинат №2,no2,no,,
supermarket,cea493-d5eaac,Мираторг,Мираторг,,ru,,0,Мираторг,,no,,
dairy,49945f-9e0ef1,Молоко від фермера,Молоко від фермера,Q102174655,ua,,1,Молоко від фермера,,no,,
convenience,a2bf99-e33fbc,Монетка,Монетка,,ru,,0,Монетка,,no,,
supermarket,monetka-d5eaac,Монетка,Монетка,Q4301704,ru,,0,Монетка,,no,,
convenience,a55dcb-023e9c,Мрія,Мрія,,ua,,0,Мрія,,no,,
butcher,bd0342-6e607d,Мясницкий ряд,Мясницкий ряд,,ru,,0,Мясницкий ряд,,no,,
convenience,a45bbc-065292,МясновЪ,МясновЪ,,by|ru,,0,МясновЪ,,no,,
butcher,940f20-6e607d,Мясной Гурман,Мясной Гурман,,ru,,0,Мясной Гурман,,no,,
butcher,238cde-2de669,Мясной двор,Мясной двор,,kg|kz|ru,,0,Мясной двор,,no,,
butcher,d925df-9620b1,Мясной дворик,Мясной дворик,,by|ru,,0,Мясной дворик,,no,,
convenience,myauchan-023e9c,Мій Ашан,Мій Ашан,Q4073419,ua,,1,Мій Ашан,,no,,
convenience,c92d51-023e9c,Мікс Март,Мікс Март,Q116795587,ua,,3,Мікс Март,,no,,
supermarket,naraskhvat-a384d0,Нарасхват,Нарасхват,Q136718620,by,,0,Нарасхват,,no,,
convenience,357655-c281b4,Народный,Народный,,by|kz|ru,,0,Народный,,no,,
dairy,54b734-2958ef,Наслада,Наслада,Q122960380,bg,,0,Наслада,,no,,
convenience,91c68a-e33fbc,Находка,Находка,,ru,,0,Находка,,no,,
nuts,cedcc3-f85d29,Ядки Начев,Начев,Q130477366,bg,,0,Начев,,no,,
convenience,bd53d6-c281b4,Наш,Наш,,by|kz|ru,,0,Наш,,no,,
supermarket,17c1f7-94881c,Наш Край,Наш Край,Q12132995,ua,,0,Наш Край,,no,,
butcher,fbd1e6-d60de5,Наша Ряба,Наша Ряба,Q118133255,ua,,0,Наша Ряба,,no,,
pastry,nedelya-5d47b0,Неделя,Неделя,Q110399879,bg,,0,Неделя,,no,,
convenience,c10063-065292,Нива,Нива,,by|ru,,0,Нива,,no,,
alcohol,norman-b9f2fe,Норман,Норман,Q109907481,ru,,0,Норман,,no,,
convenience,9f9c54-1656a9,Огонёк,Огонёк,,by|kg|kz|ru,,0,Огонёк,,no,,
convenience,11b259-065292,Океан,Океан,,by|ru,,0,Океан,,no,,
seafood,oceankamchatkasahalin-93be8b,Океан Камчатка Сахалин,Океан Камчатка Сахалин,Q111108872,ru,,2,Океан Камчатка Сахалин,,no,,
convenience,okolo-e33fbc,Около,Около,Q139555162,ru,,0,Около,,no,,
butcher,dae2d2-6e607d,Окраина,Окраина,,ru,,0,Окраина,,no,,
convenience,303083-023e9c,Оптовичок,Оптовичок,,ua,,0,Оптовичок,,no,,
alcohol,ce98a7-b9f2fe,Отдохни,Отдохни,,ru,,0,Отдохни,,no,,
supermarket,okey-d5eaac,О’КЕЙ,О’КЕЙ,Q4340901,ru,,0,О’КЕЙ,,no,,
supermarket,perekrestok-a384d0,ПерекрёстОК,ПерекрёстОК,Q136697102,by,,0,ПерекрёстОК,,no,,
supermarket,perekryostok-d5eaac,Перекрёсток,Перекрёсток,Q1684639,ru,,1,Перекрёсток,,no,,
bakery,0397da-3664c0,Перша Пекарня Твого Міста,Перша Пекарня Твого Міста,Q123856059,ua,,3,Перша Пекарня Твого Міста,,no,,
alcohol,pivandko-892b0a,Пив&ко,Пив&ко,Q135656172,kz|ru,,0,Пив&ко,,no,,
alcohol,665d88-b9f2fe,Пивной двор,Пивной двор,,ru,,0,Пивной двор,,no,,
alcohol,b56713-b9f2fe,Пивоман,Пивоман,,ru,,0,Пивоман,,no,,
alcohol,7a67d2-b9f2fe,Пивточка,Пивточка,Q110138021,ru,,0,Пивточка,,no,,
convenience,67c2f7-e33fbc,Победа,Победа,,ru,,0,Победа,,no,,
alcohol,podarivino-b2a55f,Подари вино,Подари вино,Q136718845,by,,0,Подари вино,,no,,
convenience,e1e2a4-e33fbc,Покупалко,Покупалко,,ru,,0,Покупалко,,no,,
supermarket,1019ea-d5eaac,Покупочка,Покупочка,Q58003270,ru,,0,Покупочка,,no,,
convenience,1019ea-e33fbc,Покупочка,Покупочка,,ru,,0,Покупочка,,no,,
alcohol,poltavpivo-345467,Полтавпиво,Полтавпиво,Q12141871,ua,,0,Полтавпиво,,no,,
supermarket,polushka-d5eaac,Полушка,Полушка,Q4371080,ru,,0,Полушка,,no,,
alcohol,c73bf3-b9f2fe,Порт маркет,Порт маркет,,ru,,0,Порт маркет,,no,,
convenience,fd13e6-023e9c,Посад,Посад,Q130382015,ua,,2,Посад,,no,,
supermarket,fd13e6-94881c,Посад,Посад,Q130382015,ua,,2,Посад,,no,,
convenience,11a4a0-e33fbc,Продсклад Победа,Продсклад Победа,,ru,,0,Продсклад Победа,,no,,
convenience,discounter-e64bef,Дискаунтер,Продтовары,Q136718796,by,,0,Продтовары,,no,,
supermarket,mix-a384d0,Микс,Продтовары,Q136718782,by,,0,Продтовары,,no,,
convenience,prodtovary-e64bef,Продтовары,Продтовары,Q136718751,by,,0,Продтовары,,no,,
supermarket,1ee305-95f58a,ПУД,ПУД,,crimea,,0,ПУД,,no,,
pastry,24f442-5d47b0,Пчела,Пчела,Q110399875,bg,,0,Пчела,,no,,
convenience,bfeaa1-c281b4,Пятачок,Пятачок,,by|kz|ru,,0,Пятачок,,no,,
alcohol,pyatzvezd-b2a55f,Пять звёзд,Пять звёзд,Q136773619,by,,0,Пять звёзд,,no,,
supermarket,pyaterochka-d5eaac,Пятёрочка,Пятёрочка,Q1768969,ru,,1,Пятёрочка,,no,,
dairy,917c7c-2958ef,Равно поле,Равно поле,Q136806785,bg,,0,Равно поле,,no,,
supermarket,radezh-d5eaac,Радеж,Радеж,Q4387165,ru,,0,Радеж,,no,,
convenience,radivilovsky-e64bef,Радивиловский,Радивиловский,Q136697133,by,,0,Радивиловский,,no,,
alcohol,e600ce-b9f2fe,Разливной рай,Разливной рай,,ru,,0,Разливной рай,,no,,
dairy,ed1d5f-2958ef,Ракево Милк,Ракево Милк,Q136523267,bg,,0,Ракево Милк,,no,,
supermarket,real-d5eaac,РеалЪ,РеалЪ,Q110037601,ru,,0,РеалЪ,,no,,
supermarket,remi-d5eaac,Реми,Реми,,ru,,0,Реми,,no,,
butcher,rodynnakovbaska-d60de5,Родинна ковбаска,Родинна ковбаска,Q30969660,ua,,1,Родинна ковбаска,,no,,
convenience,8aa1e0-e64bef,Родны кут,Родны кут,,by,,0,Родны кут,,no,,
alcohol,e0b675-b9f2fe,РосАл,РосАл,Q110137999,ru,,0,РосАл,,no,,
supermarket,ee90e0-a384d0,Рублёвский,Рублёвский,,by,,0,Рублёвский,,no,,
supermarket,rukavychka-94881c,Рукавичка,Рукавичка,Q20092568,ua,,0,Рукавичка,,no,,
alcohol,84cfca-b9f2fe,Русалка,Русалка,,ru,,0,Русалка,,no,,
alcohol,923a91-b9f2fe,Русский Разгуляйка,Русский Разгуляйка,Q132173527,ru,,1,Русский Разгуляйка,,no,,
convenience,d3e941-c281b4,Садко,Садко,,by|kz|ru,,0,Садко,,no,,
butcher,21e59d-d60de5,Салтівський мʼясокомбінат,Салтівський мʼясокомбінат,Q120477067,ua,,3,Салтівський мʼясокомбінат,,no,,
convenience,santa-e64bef,Санта,Санта,Q136678275,by,,0,Санта,,no,,
convenience,santaandfish-e64bef,Санта & Фиш,Санта,Q136697545,by,,0,Санта,,no,,
supermarket,santasuper-a384d0,Санта Супер,Санта,Q136697457,by,,0,Санта,,no,,
wholesale,santaandcash-f292f1,Санта & Кэш,Санта & Кэш,Q136697503,by,,0,Санта & Кэш,,no,,
convenience,b701be-4d6b4b,Светофор,Светофор,,001,,0,Светофор,,no,,
supermarket,svetofor-170d1b,Светофор,Светофор,Q61875920,by|ru,,0,Светофор,,no,,
convenience,384e40-c281b4,Северный,Северный,,by|kz|ru,,0,Северный,,no,,
supermarket,caa815-d5eaac,Семишагофф,Семишагофф,Q58003374,ru,,0,Семишагофф,,no,,
alcohol,sempyatnits-b2a55f,Семь Пятниц,Семь пятниц,Q136671157,by,,0,Семь пятниц,,no,,
supermarket,sempyatnitsxxl-a384d0,Семь пятниц XXL,Семь пятниц,Q136750906,by,,0,Семь пятниц,,no,,
supermarket,98abda-d5eaac,Семья,Семья,,ru,,0,Семья,,no,,
nutrition_supplements,4e980a-c64acd,Сибирское здоровье,Сибирское здоровье,,am|by|kg|kz|ru|tm,,0,Сибирское здоровье,,no,,
cheese,07fa72-cd68fa,Сирне королівство,Сирне королівство,Q123748624,ua,,1,Сирне королівство,,no,,
convenience,57f962-e33fbc,Скидкино,Скидкино,,ru,,0,Скидкино,,no,,
bakery,skrozdobrapekara-969464,Скроз добра пекара,Скроз добра пекара,Q136090835,rs,,0,Скроз добра пекара,,no,,
supermarket,sosedi-95f58a,Соседи,Соседи,,crimea,,0,Соседи,,no,,
convenience,sosedi-e64bef,Соседи,Соседи,Q136678293,by,,0,Соседи,,no,,
convenience,sosediexpress-e64bef,Соседи Экспресс,Соседи,Q136697303,by,,0,Соседи,,no,,
supermarket,sputnik-a384d0,Спутник,Спутник,Q136696285,by,,0,Спутник,,no,,
supermarket,aa0b90-d5eaac,Супер Лента,Супер Лента,,ru,,0,Супер Лента,,no,,
supermarket,silpo-94881c,Сільпо,Сільпо,Q4419434,ua,,1,Сільпо,,no,,
convenience,1e259f-023e9c,Сім23,Сім23,Q107167415,ua,,1,Сім23,23,no,,
bakery,a93233-3664c0,Сімейна пекарня,Сімейна пекарня,Q117705965,ua,,1,Сімейна пекарня,,no,,
supermarket,tmarket-56b425,Т-Маркет,Т-Маркет,Q64033983,bg,,0,Т-Маркет,,no,,
supermarket,tavriav-94881c,Таврія В,Таврія В,Q7689159,ua,,0,Таврія В,,no,,
variety_store,triceny-3a9b70,Три цены,Три цены,Q136696223,by,,0,Три цены,,no,,
convenience,8e7c7a-c281b4,У дома,У дома,,by|kz|ru,,0,У дома,,no,,
convenience,c1a6e4-e33fbc,У Палыча,У Палыча,,ru,,0,У Палыча,,no,,
convenience,516c18-c281b4,Удачный,Удачный,,by|kz|ru,,0,Удачный,,no,,
convenience,420f79-c281b4,Удобный,Удобный,,by|kz|ru,,0,Удобный,,no,,
convenience,umnyvybor-e64bef,Умный выбор,Умный выбор,Q136697312,by,,0,Умный выбор,,no,,
convenience,b5ec71-685d2b,Успех,Успех,,kz|ru,,0,Успех,,no,,
convenience,9b63ed-e33fbc,Фабрика качества,Фабрика качества,,ru,,0,Фабрика качества,,no,,
convenience,958102-023e9c,Файно Маркет,Файно Маркет,Q117866213,ua,,0,Файно Маркет,,no,,
supermarket,fantastiko-56b425,Фантастико,Фантастико,Q61140834,bg,,1,Фантастико,,no,,
convenience,fasol-e33fbc,Фасоль,Фасоль,Q132005368,ru,,0,Фасоль,,no,,
convenience,8b17c9-065292,Феникс,Феникс,,by|ru,,0,Феникс,,no,,
convenience,8449ac-065292,Фермер,Фермер,,by|ru,,0,Фермер,,no,,
butcher,8449ac-6e607d,Фермер,Фермер,,ru,,0,Фермер,,no,,
convenience,4cacba-162f8e,Флагман,Флагман,,kz|ru|uz,,0,Флагман,,no,,
supermarket,fora-94881c,Фора,Фора,Q4491805,ua,,0,Фора,,no,,
bakery,ad3ee0-3664c0,Франс.уа,Франс.уа,Q122361953,ua,,1,Франс.уа,,no,,
supermarket,freshmarket-56b425,Фреш Маркет,Фреш Маркет,Q115452307,bg,,2,Фреш Маркет,,no,,
greengrocer,81fe33-9dff2a,Фруктовый рай,Фруктовый рай,,ru,,0,Фруктовый рай,,no,,
supermarket,71f23a-ac7ff8,Фрунзе,Фрунзе,,kg,,0,Фрунзе,,no,,
convenience,hitexpress-e64bef,Хит! Экспресс,Хит!,Q126720469,by,,0,Хит!,,no,,
convenience,hitstandard-e64bef,Хит! Стандарт,Хит! Стандарт,Q136670971,by,,0,Хит! Стандарт,,no,,
bakery,hlebandkifle-969464,Хлеб & Кифле,Хлеб & Кифле,Q136523699,rs,,2,Хлеб & Кифле,,no,,
bakery,d1829c-44faa4,Хлеб Насущный,Хлеб Насущный,Q109910218,ru,,0,Хлеб Насущный,,no,,
bakery,f4eaeb-44faa4,Хлебник,Хлебник,Q110085956,ru,,0,Хлебник,,no,,
alcohol,d4f5ba-b9f2fe,Хмель Солод,Хмель Солод,,ru,,0,Хмель Солод,,no,,
bakery,9f4099-3664c0,Цар Хліб,Цар Хліб,Q122028573,ua,,0,Цар Хліб,,no,,
alcohol,1898a0-345467,Чарка до свята,Чарка до свята,Q118120356,ua,,1,Чарка до свята,,no,,
variety_store,fd532c-386db3,Червоний маркет,Червоний маркет,Q117705449,ua,,1,Червоний маркет,,no,,
pet,42195e-8e284e,Четыре лапы,Четыре лапы,Q62390783,kz|ru,,0,Четыре лапы,,no,,
supermarket,3d44da-d5eaac,Чижик,Чижик,Q124171414,ru,,0,Чижик,,no,,
alcohol,shtopor-b2a55f,Штопор,Штопор,Q136718911,by,,0,Штопор,,no,,
supermarket,edelveis-d5eaac,Эдельвейс,Эдельвейс,Q57979368,ru,,0,Эдельвейс,,no,,
butcher,e95a6d-6e607d,Ярославский бройлер,Ярославский бройлер,,ru,,0,Ярославский бройлер,,no,,
supermarket,yarche-d5eaac,Ярче!,Ярче!,Q102254456,ru,,0,Ярче!,,no,,
convenience,yarche-e33fbc,Ярче!,Ярче!,Q102254456,ru,,0,Ярче!,,no,,
convenience,jutro-3015fb,Јутро,Јутро,Q135423386,rs,,0,Јутро,,no,,
convenience,ef63bd-7ad3ae,ҚазМұнайГаз,ҚазМұнайГаз,Q1417227,kz,,0,ҚазМұнайГаз,,no,,
supermarket,yerevancity-da616d,Yerevan City,Երևան Սիթի,Q55663505,am,,0,Երևան Սիթի,,no,,
supermarket,zovq-da616d,Zovq,Զովք,Q118727379,am,,0,Զովք,,no,,
supermarket,tsiran-da616d,Tsiran,Ծիրան,Q118733566,am,,0,Ծիրան,,no,,
supermarket,sas-da616d,SAS,ՍԱՍ,Q118347380,am,,0,ՍԱՍ,,no,,
convenience,alonit-2f0294,Alonit,אלונית,,il,,0,אלונית,,no,,
cheese,basherfromagerie-00d377,באשר פרומז'רי,באשר פרומז'רי,Q122364246,il,,0,באשר פרומז'רי,,no,,
supermarket,yochananof-6b65f1,יוחננוף,יוחננוף,Q25492676,il,,0,יוחננוף,,no,,
supermarket,yeinotbitan-6b65f1,יינות ביתן,יינות ביתן,Q6561327,il,,1,יינות ביתן,,no,,
bakery,neemanbakery-2a1629,מאפה נאמן,מאפה נאמן,Q117711642,il,,0,מאפה נאמן,,no,,
supermarket,mega-6b65f1,מגה,מגה,Q12403907,il,,0,מגה,,no,,
supermarket,megabair-6b65f1,מגה בעיר,מגה בעיר,Q12403907,il,,1,מגה בעיר,,no,,
deli,karlberg-dfa63e,Karl Berg,קרל ברג,,il,,0,קרל ברג,,no,,
supermarket,ramilevi-6b65f1,רמי לוי,רמי לוי שיווק השקמה,Q6035779,il,,0,רמי לוי שיווק השקמה,,no,,
supermarket,shufersaldeal-6b65f1,שופרסל דיל,שופרסל דיל,Q4523181,il,,0,שופרסל דיל,,no,,
supermarket,shukmhadrin-6b65f1,שוק מהדרין,שוק מהדרין,,il,,0,שוק מהדרין,,no,,
supermarket,tamimimarkets-22a530,أسواق التميمي,أسواق التميمي,Q111042647,sa,,0,أسواق التميمي,,no,,
supermarket,abdullahalothaimmarkets-6c5d99,أسواق عبد الله العثيم,أسواق عبد الله العثيم,Q12218555,eg|sa,,0,أسواق عبد الله العثيم,,no,,
supermarket,ofoqkourosh-c29ef9,افق کوروش,افق کوروش,Q65199490,ir,,0,افق کوروش,,no,,
convenience,ofoqkourosh-d157b9,افق کوروش,افق کوروش,Q65199490,ir,,0,افق کوروش,,no,,
bakery,68abe8-5b889e,بربری,بربری,,ir,,0,بربری,,no,,
supermarket,panda-709c58,بنده,بنده,Q4832749,ae|bh|sa,,0,بنده,,no,,
supermarket,fc65e7-02224f,تيم مارت,تيم مارت,,iq,,0,تيم مارت,,no,,
supermarket,canbo-c29ef9,جانبو,جانبو,Q119145401,ir,,0,جانبو,,no,,
convenience,canbo-d157b9,جانبو,جانبو,Q119145401,ir,,0,جانبو,,no,,
supermarket,dailymarket-c29ef9,دیلی مارکت,دیلی مارکت,Q119145493,ir,,0,دیلی مارکت,,no,,
convenience,dailymarket-d157b9,دیلی مارکت,دیلی مارکت,Q119145493,ir,,0,دیلی مارکت,,no,,
supermarket,refah-c29ef9,رفاه,رفاه,Q7307085,ir,,0,رفاه,,no,,
convenience,refah-d157b9,رفاه,رفاه,Q7307085,ir,,0,رفاه,,no,,
bakery,26eff6-5b889e,سنگک,سنگک,,ir,,0,سنگک,,no,,
bakery,e0bc2e-5b889e,سنگکی,سنگکی,,ir,,0,سنگکی,,no,,
supermarket,3b0e76-c29ef9,سوپر,سوپر,,ir,,0,سوپر,,no,,
convenience,875548-d157b9,سوپرمارکت,سوپرمارکت,,ir,,0,سوپرمارکت,,no,,
convenience,meed-cc9d9e,ميد,شركة ميد التجارية,Q105492269,sa,,0,شركة ميد التجارية,,no,,
supermarket,14a0fb-c29ef9,فروشگاه افق کوروش,فروشگاه افق کوروش,,ir,,0,فروشگاه افق کوروش,,no,,
supermarket,9ddc31-c29ef9,فروشگاه رفاه,فروشگاه رفاه,,ir,,0,فروشگاه رفاه,,no,,
supermarket,5ae056-6efd78,كارفور,كارفور,,ae|eg|tn,,0,كارفور,,no,,
bakery,7485cc-5b889e,لواشی,لواشی,,ir,,0,لواشی,,no,,
tea,3bb797-4e0e50,محمصة الرفاعي,محمصة الرفاعي,,eg|kw|om|qa,,0,محمصة الرفاعي,,no,,
convenience,06477d-14cddc,مواد غذائية عامة,مواد غذائية عامة,,dz,,0,مواد غذائية عامة,,no,,
supermarket,1cd6b6-927e7d,مونوبري,مونوبري,,dz|qa|tn,,0,مونوبري,,no,,
bakery,7efbcd-5b889e,نانوایی تافتون,نانوایی تافتون,,ir,,0,نانوایی تافتون,,no,,
supermarket,hyperstar-c29ef9,هایپراستار,هایپراستار,Q10860330,ir,,0,هایپراستار,,no,,
convenience,adnocoasis-d47493,ADNOC Oasis,واحة أدنوك,Q166729,ae|sa,,0,واحة أدنوك,,no,,
wholesale,makro-1d3c91,แม็คโคร,แม็คโคร,Q704606,th,,0,แม็คโคร,,no,,
supermarket,agrohub-873b68,აგროჰაბი,აგროჰაბი,Q131469971,ge,,0,აგროჰაბი,,no,,
alcohol,alcorium-2cfee4,ალკორიუმი,ალკორიუმი,Q131469985,ge,,0,ალკორიუმი,,no,,
pastry,entree-7fe386,ანტრე,ანტრე,Q131469958,ge,,0,ანტრე,,no,,
pastry,august-7fe386,აუგუსტი,აუგუსტი,Q134732257,ge,,0,აუგუსტი,,no,,
convenience,belmart-3cb7c4,ბელმარტი,ბელმარტი,Q131469988,ge,,0,ბელმარტი,,no,,
convenience,belarusianhouse-3cb7c4,ბელორუსული სახლი,ბელორუსული სახლი,Q134732277,ge,,0,ბელორუსული სახლი,,no,,
convenience,billion-3cb7c4,ბილიონი,ბილიონი,Q131469969,ge,,0,ბილიონი,,no,,
butcher,biubiu-f98164,ბიუ ბიუ,ბიუ ბიუ,Q128032103,ge,,0,ბიუ ბიუ,,no,,
convenience,gvirila-3cb7c4,გვირილა,გვირილა,Q131469980,ge,,0,გვირილა,,no,,
convenience,globalproducts-3cb7c4,გლობალ პროდუქტი,გლობალ პროდუქტი,,ge,,0,გლობალ პროდუქტი,,no,,
supermarket,goodwill-873b68,გუდვილი,გუდვილი,Q118799213,ge,,0,გუდვილი,,no,,
convenience,daily-3cb7c4,დეილი,დეილი,Q131469976,ge,,0,დეილი,,no,,
convenience,europroduct-3cb7c4,ევროპროდუქტი,ევროპროდუქტი,Q131469977,ge,,0,ევროპროდუქტი,,no,,
convenience,expresschain-3cb7c4,ექსპრეს ქსელი,ექსპრეს ქსელი,,ge,,0,ექსპრეს ქსელი,,no,,
deli,vake-e0f2d7,ვაკე,ვაკე,Q131469989,ge,,0,ვაკე,,no,,
variety_store,oneprice-15e116,ვანპრაისი,ვანპრაისი,Q122641630,ge,,0,ვანპრაისი,,no,,
convenience,waymart-3cb7c4,ვეი მარტი,ვეი მარტი,Q131469967,ge,,0,ვეი მარტი,,no,,
supermarket,willmart-873b68,ვილმარტი,ვილმარტი,Q118793042,ge,,0,ვილმარტი,,no,,
pet,zoolife-fbd79e,ზოოლაიფი,ზოოლაიფი,Q131470023,ge,,0,ზოოლაიფი,,no,,
pet,zoomart-fbd79e,ზოომარტი,ზოომარტი,Q131470021,ge,,0,ზოომარტი,,no,,
pet,zoocity-fbd79e,ზოოსითი,ზოოსითი,Q131470020,ge,,0,ზოოსითი,,no,,
pet,zoohub-fbd79e,ზოოჰაბი,ზოოჰაბი,Q131470022,ge,,0,ზოოჰაბი,,no,,
convenience,zgapari-3cb7c4,ზღაპარი,ზღაპარი,Q131469973,ge,,0,ზღაპარი,,no,,
alcohol,zgvaludi-2cfee4,ზღვა ლუდი,ზღვა ლუდი,Q136806338,ge,,0,ზღვა ლუდი,,no,,
variety_store,yoyoso-15e116,იოიოსო,იოიოსო,Q110227939,ge,,0,იოიოსო,,no,,
convenience,ioli-3cb7c4,იოლი,იოლი,Q131469975,ge,,0,იოლი,,no,,
convenience,kalata-3cb7c4,კალათა,კალათა,Q133886762,ge,,0,კალათა,,no,,
convenience,carrefourcity-3cb7c4,კარფური,კარფური,Q2940187,ge,,0,კარფური,,no,,
supermarket,carrefourmarket-873b68,კარფური მარკეტი,კარფური,Q2689639,ge,,0,კარფური,,no,,
convenience,libre-3cb7c4,ლიბრე,ლიბრე,Q131469972,ge,,0,ლიბრე,,no,,
convenience,lukoil-3cb7c4,ლუკოილი,ლუკოილი,Q329347,ge,,0,ლუკოილი,,no,,
supermarket,2c9305-873b68,მაგნიტი,მაგნიტი,Q118792780,ge,,0,მაგნიტი,,no,,
convenience,magniti-3cb7c4,მაგნიტი,მაგნიტი,Q118792780,ge,,0,მაგნიტი,,no,,
convenience,madagoni-3cb7c4,Madagoni / მადაგონი / Мадагони,მადაგონი,Q131469983,ge,,0,მადაგონი,,no,,
pastry,madart-7fe386,მადარტი,მადარტი,Q131469984,ge,,0,მადარტი,,no,,
coffee,meama-06d40a,მეამა,მეამა,Q99850395,ge,,0,მეამა,,no,,
variety_store,miniso-15e116,მინისო,მინისო,Q20732498,ge,,0,მინისო,,no,,
convenience,nazilbe-3cb7c4,ნაზილბე,ნაზილბე,Q131469970,ge,,0,ნაზილბე,,no,,
convenience,nikora-3cb7c4,ნიკორა,ნიკორა,Q115949612,ge,,0,ნიკორა,,no,,
supermarket,nikora-873b68,ნიკორა,ნიკორა,Q115949612,ge,,0,ნიკორა,,no,,
butcher,noste-f98164,ნოსტე,ნოსტე,Q131469987,ge,,0,ნოსტე,,no,,
convenience,orinabiji-3cb7c4,ორი ნაბიჯი,ორი ნაბიჯი,Q115949750,ge,,0,ორი ნაბიჯი,,no,,
supermarket,orinabiji-873b68,ორი ნაბიჯი,ორი ნაბიჯი,Q115949750,ge,,0,ორი ნაბიჯი,,no,,
pet,petspot-fbd79e,პეტ სპოტი,პეტ სპოტი,Q131470019,ge,,0,პეტ სპოტი,,no,,
alcohol,smugglers-2cfee4,Smugglers / სმაგლერსი / Смаглерс,სმაგლერსი,Q131469986,ge,,0,სმაგლერსი,,no,,
convenience,smart-3cb7c4,სმარტი,სმარტი,Q131469982,ge,,0,სმარტი,,no,,
convenience,spar-3cb7c4,სპარი,სპარი,Q610492,ge,,0,სპარი,,no,,
supermarket,spar-873b68,სპარი,სპარი,Q610492,ge,,0,სპარი,,no,,
pastry,tortini-7fe386,ტორტინი,ტორტინი,Q134735289,ge,,0,ტორტინი,,no,,
convenience,universami-3cb7c4,უნივერსამი,უნივერსამი,Q131469979,ge,,0,უნივერსამი,,no,,
convenience,family-3cb7c4,ფემილი,ფემილი,Q131469990,ge,,0,ფემილი,,no,,
variety_store,fixprice-15e116,ფიქს პრაისი,ფიქს პრაისი,Q4038791,ge,,0,ფიქს პრაისი,,no,,
supermarket,fresco-873b68,ფრესკო,ფრესკო,Q131469974,ge,,0,ფრესკო,,no,,
pastry,qooqy-7fe386,ქუქი,ქუქი,Q136806219,ge,,0,ქუქი,,no,,
supermarket,jibe-873b68,ჯიბე,ჯიბე ქეშ & ქერი,,ge,,0,ჯიბე ქეშ & ქერი,,no,,
wholesale,jibe-c6ef46,ჯიბე,ჯიბე ქეშ & ქერი,Q131469968,ge,,0,ჯიბე ქეშ & ქერი,,no,,
supermarket,inageya-3bcdfb,いなげや,いなげや,Q17193392,jp-kanto.geojson,,0,いなげや,,no,,
deli,saboten-39c92c,さぼてん,さぼてん,Q93277389,jp,,0,さぼてん,,no,,
supermarket,torisen-3bcdfb,とりせん,とりせん,Q11273505,jp-kanto.geojson,,0,とりせん,,no,,
supermarket,mybasket-fe0970,まいばすけっと,まいばすけっと,Q11278154,jp,,0,まいばすけっと,,no,,
alcohol,yamaya-42f62c,やまや,やまや,Q17224765,jp,,0,やまや,,no,,
supermarket,youmetown-3d6118,ゆめタウン,ゆめタウン,Q11280900,jp-28.geojson|jp-chugoku.geojson|jp-kyushu.geojson|jp-shikoku.geojson,,0,ゆめタウン,,no,,
supermarket,acolle-fe0970,アコレ,アコレ,Q11283128,jp,,0,アコレ,,no,,
supermarket,apita-43f63e,アピタ,アピタ,Q55384637,jp-chubu.geojson|jp-kanto.geojson|jp-kinki.geojson,,0,アピタ,,no,,
convenience,an3-652b3e,アンスリー,アンスリー,Q17192555,jp,,0,アンスリー,,no,,
bakery,andersen-59bce6,アンデルセン,アンデルセン,Q17192637,jp,,0,アンデルセン,,no,,
supermarket,aeon-fe0970,イオン,イオン,Q11285951,jp,,0,イオン,,no,,
pet,aeonpet-def705,イオンペット,イオンペット,Q11286064,jp,,0,イオンペット,,no,,
supermarket,dailyqanat-f0db75,デイリーカナート,イズミヤ,Q11286632,jp-kinki.geojson,,0,イズミヤ,,no,,
supermarket,dailyqanatizumiya-f0db75,デイリーカナートイズミヤ,イズミヤ,Q11286632,jp-kinki.geojson,,0,イズミヤ,,no,,
supermarket,izumiya-f0db75,イズミヤ,イズミヤ,Q11286632,jp-kinki.geojson,,1,イズミヤ,,no,,
supermarket,itoyokado-fe0970,イトーヨーカドー,イトーヨーカドー,Q3088746,jp,,1,イトーヨーカドー,,no,,
supermarket,ecos-126132,エコス,エコス,Q11289886,jp-07.geojson|jp-kanto.geojson,,0,エコス,,no,,
supermarket,acoop-fe0970,エーコープ,エーコープ,Q11291524,jp,,1,エーコープ,,no,,
supermarket,olympic-3bcdfb,オリンピック,オリンピック,Q11292764,jp-kanto.geojson,,0,オリンピック,,no,,
supermarket,okuwa-51a621,オークワ,オークワ,Q11293166,jp-kinki.geojson|jp-tokai.geojson,,0,オークワ,,no,,
supermarket,okstore-bb7c11,オーケーストア,オーケー,Q11293184,jp-kanto.geojson|jp-kinki.geojson,,1,オーケー,,no,,
alcohol,kakuyasu-42f62c,カクヤス,カクヤス,Q11293990,jp,,0,カクヤス,,no,,
supermarket,kasumi-3bcdfb,カスミ,カスミ,Q11294160,jp-kanto.geojson,,0,カスミ,,no,,
coffee,kaldicoffeefarm-e1062f,カルディコーヒーファーム,カルディコーヒーファーム,Q129093913,jp,,0,カルディコーヒーファーム,,no,,
variety_store,cando-e1b193,キャンドゥ,キャンドゥ,Q11297367,jp,,0,キャンドゥ,,no,,
supermarket,kyoei-67973a,キョーエイ,キョーエイ,Q11297581,jp-36.geojson|jp-37.geojson,,0,キョーエイ,,no,,
supermarket,gourmetcity-bb7c11,グルメシティ,グルメシティ,Q11300647,jp-kanto.geojson|jp-kinki.geojson,,0,グルメシティ,,no,,
wholesale,costco-db891f,コストコ,コストコ,Q715583,jp,,0,コストコ,,no,,
convenience,communitystore-652b3e,コミュニティ・ストア,コミュニティ・ストア,Q11302585,jp,,0,コミュニティ・ストア,,no,,
supermarket,comodiiida-692411,コモディイイダ,コモディイイダ,Q11302699,jp-11.geojson|jp-12.geojson|jp-13.geojson,,0,コモディイイダ,,no,,
supermarket,coop-fe0970,コープ,コープ,Q11508615,jp,,1,コープ,,no,,
supermarket,coopkobe-69d013,コープこうべ,コープこうべ,Q5137453,jp-27.geojson|jp-28.geojson,,0,コープこうべ,,no,,
supermarket,summit-3bcdfb,サミット,サミット,Q11305129,jp-kanto.geojson,,0,サミット,,no,,
bakery,saintgermain-59bce6,サンジェルマン,サンジェルマン,Q11305612,jp,,0,サンジェルマン,,no,,
supermarket,sundi-3d6a22,サンディ,サンディ,Q11305717,jp-33.geojson|jp-kanto.geojson|jp-kinki.geojson,,0,サンディ,,no,,
supermarket,thebig-fe0970,ザ・ビッグ,ザ・ビッグ,Q11306676,jp,,0,ザ・ビッグ,,no,,
supermarket,thebigexpress-fe0970,ザ・ビッグ エクスプレス,ザ・ビッグ エクスプレス,Q11306676,jp,,0,ザ・ビッグ エクスプレス,,no,,
supermarket,city-c0ae3d,シティ,シティ,Q115865410,jp-01.geojson,,0,シティ,,no,,
supermarket,citymart-c0ae3d,シティマート,シティ,Q115865410,jp-01.geojson,,0,シティ,,no,,
convenience,threef-652b3e,スリーエフ,スリーエフ,Q11313419,jp,,0,スリーエフ,,no,,
supermarket,superalps-000a1a,スーパーアルプス,スーパーアルプス,Q11313666,jp-11.geojson|jp-13.geojson|jp-14.geojson,,0,スーパーアルプス,,no,,
supermarket,supervalue-692411,スーパーバリュー,スーパーバリュー,Q11313802,jp-11.geojson|jp-12.geojson|jp-13.geojson,,0,スーパーバリュー,,no,,
variety_store,seria-e1b193,セリア,セリア,Q11314509,jp,,0,セリア,,no,,
convenience,saveon-652b3e,セーブオン,セーブオン,Q11314868,jp,,0,セーブオン,,no,,
supermarket,taiyo-801a3e,タイヨー（南関東）,タイヨー,Q11315814,jp-08.geojson|jp-12.geojson,,0,タイヨー,,no,,
supermarket,taiyo-aba7dc,タイヨー（南九州）,タイヨー,Q11315815,jp-45.geojson|jp-46.geojson,,0,タイヨー,,no,,
supermarket,daiei-fe0970,ダイエー,ダイエー,Q11316644,jp,,0,ダイエー,,no,,
variety_store,daiso-e1b193,ダイソー,ダイソー,Q866991,jp,,2,ダイソー,,no,,
variety_store,direx-e1b193,ダイレックス,ダイレックス,Q11317051,jp,,0,ダイレックス,,no,,
supermarket,tsuruya-a888b6,ツルヤ,ツルヤ,Q11318832,jp-10.geojson|jp-20.geojson,,0,ツルヤ,,no,,
supermarket,tous-96fdfa,トウズ,トウズ,Q53308796,jp-12.geojson,,0,トウズ,,no,,
supermarket,trial-fe0970,トライアル,トライアル,Q11321723,jp,,0,トライアル,,no,,
bakery,donq-59bce6,ドンク,ドンク,Q11323428,jp,,0,ドンク,,no,,
variety_store,donquijote-e1b193,ドン・キホーテ,ドン・キホーテ,Q1185381,jp,,0,ドン・キホーテ,,no,,
supermarket,donquijoteuny-fe0970,ドン・キホーテUNY,ドン・キホーテ,Q1185381,jp,,0,ドン・キホーテ,,no,,
supermarket,megadonquijote-fe0970,MEGAドン・キホーテ,ドン・キホーテ,Q1185381,jp,,1,ドン・キホーテ,,no,,
supermarket,megadonquijoteuny-fe0970,MEGAドン・キホーテUNY,ドン・キホーテ,Q1185381,jp,,0,ドン・キホーテ,,no,,
butcher,hanamasameat-2bf181,肉のハナマサ,ハナマサ,Q11326564,jp,,0,ハナマサ,,no,,
variety_store,hands-e1b193,ハンズ,ハンズ,Q859212,jp,,1,ハンズ,,no,,
supermarket,valor-e49ced,バロー,バロー,Q11328346,jp-14.geojson|jp-chubu.geojson|jp-kinki.geojson,,0,バロー,,no,,
supermarket,piago-442a71,ピアゴ,ピアゴ,Q91014434,jp-24.geojson|jp-25.geojson|jp-chubu.geojson,,0,ピアゴ,,no,,
convenience,famima-652b3e,ファミマ!!,ファミマ!!,Q115868189,jp,,0,ファミマ!!,,no,,
supermarket,fuji-e0450e,フジ,フジ,Q8963035,jp-34.geojson|jp-35.geojson|jp-shikoku.geojson,,0,フジ,,no,,
supermarket,fujigrand-e0450e,フジグラン,フジ,Q8963035,jp-34.geojson|jp-35.geojson|jp-shikoku.geojson,,0,フジ,,no,,
supermarket,fresta-9bc55c,フレスタ,フレスタ,Q11333988,jp-34.geojson,,0,フレスタ,,no,,
supermarket,beisia-92743a,ベイシア,ベイシア,Q11336776,jp-07.geojson|jp-25.geojson|jp-chubu.geojson|jp-kanto.geojson,,0,ベイシア,,no,,
supermarket,belc-3bcdfb,ベルク,ベルク,Q11337090,jp-kanto.geojson,,0,ベルク,,no,,
supermarket,belx-692411,ベルクス,ベルクス,Q11305967,jp-11.geojson|jp-12.geojson|jp-13.geojson,,0,ベルクス,,no,,
convenience,poplar-652b3e,ポプラ,ポプラ,Q7229380,jp,,0,ポプラ,,no,,
bakery,pompadour-59bce6,ポンパドウル,ポンパドウル,Q11339403,jp,,0,ポンパドウル,,no,,
supermarket,maxvalu-fe0970,マックスバリュ,マックスバリュ,Q11340427,jp,,0,マックスバリュ,,no,,
supermarket,matsumoto-3c404f,マツモト,マツモト,Q11340603,jp-26.geojson|jp-27.geojson,,0,マツモト,,no,,
supermarket,mammymart-3bcdfb,マミーマート,マミーマート,Q126935642,jp-kanto.geojson,,0,マミーマート,,no,,
supermarket,maruetsu-3bcdfb,マルエツ,マルエツ,Q11341197,jp-kanto.geojson,,0,マルエツ,,no,,
supermarket,maruetsupetit-3bcdfb,マルエツプチ,マルエツ,Q11341197,jp-kanto.geojson,,0,マルエツ,,no,,
supermarket,marunaka-24bb01,マルナカ,マルナカ,Q11341399,jp-28.geojson|jp-33.geojson|jp-34.geojson|jp-shikoku.geojson,,0,マルナカ,,no,,
supermarket,yaoko-3bcdfb,ヤオコー,ヤオコー,Q11344967,jp-kanto.geojson,,0,ヤオコー,,no,,
convenience,yamazakishop-652b3e,ヤマザキショップ,ヤマザキショップ,Q11345131,jp,,0,ヤマザキショップ,,no,,
supermarket,yamanaka-b9af80,ヤマナカ,ヤマナカ,Q11345199,jp-tokai.geojson,,0,ヤマナカ,,no,,
supermarket,yorkbenimaru-52f258,ヨークベニマル,ヨークベニマル,Q11346199,jp-08.geojson|jp-09.geojson|jp-tohoku.geojson,,0,ヨークベニマル,,no,,
supermarket,yorkmart-3bcdfb,ヨークマート,ヨークマート,Q11346201,jp-kanto.geojson,,0,ヨークマート,,no,,
supermarket,life-bb7c11,ライフ,ライフ,Q11346476,jp-kanto.geojson|jp-kinki.geojson,,0,ライフ,,no,,
supermarket,lucky-c0ae3d,ラッキー,ラッキー,Q115865306,jp-01.geojson,,0,ラッキー,,no,,
supermarket,luckymart-c0ae3d,ラッキーマート,ラッキー,Q115865306,jp-01.geojson,,0,ラッキー,,no,,
alcohol,liquormountain-42f62c,リカーマウンテン,リカーマウンテン,Q11347883,jp,,0,リカーマウンテン,,no,,
bakery,littlemermaid-59bce6,リトルマーメイド,リトルマーメイド,Q96186008,jp,,0,リトルマーメイド,,no,,
supermarket,lopia-2268ad,ロピア,ロピア,Q11350624,jp|th|tw,,0,ロピア,,no,,
variety_store,loft-e1b193,ロフト,ロフト,Q5358428,jp,,0,ロフト,,no,,
supermarket,ysmart-d02e4f,ワイズマート,ワイズマート,Q11351175,jp-12.geojson|jp-13.geojson|jp-14.geojson,,2,ワイズマート,,no,,
variety_store,watts-e1b193,ワッツ,ワッツ,Q11351402,jp,,0,ワッツ,,no,,
bakery,viedefrance-59bce6,ヴィ・ド・フランス,ヴィ・ド・フランス,Q7928249,jp,,0,ヴィ・ド・フランス,,no,,
bakery,ijysheng-ea5ee6,一之軒,一之軒,Q57269686,tw,,0,一之軒,,no,,
supermarket,mandai-f0db75,万代,万代,Q11353756,jp-kinki.geojson,,0,万代,,no,,
nuts,threesquirrels-1d484f,三只松鼠,三只松鼠,Q54805303,cn,hk|mo,0,三只松鼠,,no,,
supermarket,dflk-24a030,东方冷库,东方冷库,Q123025086,"[117.1140042,36.6507007,50]",,0,东方冷库,,no,,
supermarket,jialejia-eda947,中百佳乐家,中百佳乐家,,cn,,4,中百佳乐家,,no,,
convenience,zhongbaicvs-da9ca7,中百便利,中百便利,Q107204561,cn,,1,中百便利,,no,,
convenience,lawson-2aa06c,中百罗森,中百罗森,Q10875930,"[114.2999353,30.5951051,50]",,5,中百罗森,,no,,
supermarket,dennis-eda947,丹尼斯超市,丹尼斯超市,Q137216000,cn,,0,丹尼斯超市,,no,,
bakery,nogami-59bce6,乃が美,乃が美,Q75563038,jp,,0,乃が美,,no,,
deli,jiujiuyafood-5c76da,久久丫,久久丫,Q108484661,cn,,2,久久丫,,no,,
greengrocer,lejia100-98c5dd,乐家生鲜,乐家生鲜,Q110398460,cn,,1,乐家生鲜,,no,,
supermarket,jingkelong-eda947,京客隆,京客隆,Q10902027,cn,,1,京客隆,,no,,
deli,kyotaru-39c92c,京樽,京樽,Q11374503,jp,,0,京樽,,no,,
herbalist,euyansang-5606dd,余仁生,余仁生,Q4207246,cn|tw,hk|mo,0,余仁生,,no,,
herbalist,euyansang-ed4bac,余仁生 Eu Yan Sang,余仁生 Eu Yan Sang,Q4207246,hk|mo,,0,余仁生 Eu Yan Sang,eu-yan-sang,no,,
supermarket,kaibofoodsupermarket-745f9c,佳宝食品超級市場 Kai Bo Food Supermarket,佳宝食品超級市場 Kai Bo Food Supermarket,Q10886987,hk,,3,佳宝食品超級市場 Kai Bo Food Supermarket,kai-bo-food-supermarket,no,,
convenience,bianlifeng-da9ca7,便利蜂,便利蜂,Q95975982,cn,,0,便利蜂,,no,,
health_food,healthworks-e87965,健康工房 HealthWorks,健康工房 HealthWorks,Q10888880,hk,,0,健康工房 HealthWorks,healthworks,no,,
variety_store,prizemart-cab585,價真棧 PrizeMart,價真棧 PrizeMart,Q117269648,hk,,0,價真棧 PrizeMart,prizemart,no,,
convenience,bestmart360-298a73,優品360 Best Mart 360,優品360 Best Mart 360,Q65117567,hk,,0,優品360 Best Mart 360,360-best-mart-360,no,,
variety_store,kuangnanfashionshop-501f06,光南大批發,光南大批發,Q28415164,tw,,3,光南大批發,,no,,
convenience,familymart-da9ca7,全家,全家,Q11247682,cn,,0,全家,,no,,
convenience,familymart-aa89a7,全家便利商店,全家便利商店,Q10891564,tw,,0,全家便利商店,,no,,
supermarket,pxmart-14223e,全聯福利中心,全聯福利中心,Q7262792,tw,,0,全聯福利中心,,no,,
dairy,bluebear-9640d8,兰熊,兰熊,Q110310500,cn,,5,兰熊,,no,,
supermarket,ngs-eda947,农工商超市,农工商超市,Q15923587,cn,,0,农工商超市,,no,,
supermarket,bhg-9c949f,北京华联,北京华联,Q4881137,cn,"[117.11307,36.6507,85]",3,北京华联,,no,,
pastry,beijingdaoxiangcun-f204a7,稻香村（北京）,北京稻香村,Q15934678,cn,,0,北京稻香村,,no,,
convenience,shizu-da9ca7,十足,十足,Q116763971,cn,,0,十足,,no,,
supermarket,vanguard-85bacf,华润万家,华润万家,Q5099892,cn,hk,1,华润万家,,no,,
bakery,withwheat-c0ca1d,原麦山丘,原麦山丘,Q61056698,cn,,0,原麦山丘,,no,,
variety_store,hands-501f06,台隆手創館,台隆手創館,Q859212,tw,,0,台隆手創館,,no,,
variety_store,miniso-8e7978,名创优品,名创优品,Q20732498,cn,hk|mo,0,名创优品,,no,,
variety_store,miniso-264ade,名創優品 Miniso,名創優品 Miniso,Q20732498,hk|mo,,0,名創優品 Miniso,miniso,no,,
tea,wuyutai-704b78,吴裕泰,吴裕泰,Q10919125,cn,,0,吴裕泰,,no,,
deli,zhouheiya-5c76da,周黑鸭,周黑鸭,Q15911728,cn,,0,周黑鸭,,no,,
bakery,wedome-c0ca1d,味多美,味多美,Q96323645,cn,,0,味多美,,no,,
convenience,tangjiuconvenience-da9ca7,唐久便利,唐久便利,Q135615883,cn,,0,唐久便利,,no,,
convenience,cstore-da9ca7,喜士多,喜士多,Q60992580,cn,,0,喜士多,,no,,
bakery,touslesjours-c0ca1d,多乐之日,多乐之日,Q3535609,cn,,0,多乐之日,,no,,
supermarket,megapxmart-14223e,大全聯,大全聯,Q135550746,tw,,2,大全聯,,no,,
variety_store,daiso-501f06,大創百貨,大創百貨,Q12590862,tw,,0,大創百貨,,no,,
supermarket,dazhang-eda947,大张超市,大张超市,Q111270003,cn,,0,大张超市,,no,,
supermarket,rtmart-eda947,大润发,大润发,Q7277802,cn,,1,大润发,,no,,
bakery,taipanbreadandcakes-ebd86c,大班麵包西餅 Taipan Bread & Cakes,大班麵包西餅 Taipan Bread & Cakes,Q10936779,hk,,0,大班麵包西餅 Taipan Bread & Cakes,taipan-bread-cakes,no,,
bakery,keewahbakery-ebd86c,奇華餅家 Kee Wah Bakery,奇華餅家 Kee Wah Bakery,Q6382658,hk,,0,奇華餅家 Kee Wah Bakery,kee-wah-bakery,no,,
bakery,holiland-c0ca1d,好利来,好利来,Q97862657,cn,,0,好利来,,no,,
wholesale,costco-1d0072,好市多,好市多,Q715583,tw,,0,好市多,,no,,
supermarket,2f5f56-986a24,家乐福,家乐福,,001,,0,家乐福,,no,,
supermarket,jiajiayue-eda947,家家悦,家家悦,Q123025078,cn,,0,家家悦,,no,,
supermarket,carrefour-14223e,家樂福,家樂福,Q136774386,tw,,0,家樂福,,no,,
supermarket,carrefourmarket-14223e,家樂福超市,家樂福超市,Q136774386,tw,,2,家樂福超市,,no,,
variety_store,showba-501f06,小北百貨,小北百貨,Q42308684,tw,,5,小北百貨,,no,,
wholesale,samsclub-596e18,山姆会员商店,山姆会员商店,Q1972120,cn,hk|mo,0,山姆会员商店,,no,,
bakery,yamazakibaking-59bce6,山崎製パン,山崎製パン,Q3138937,jp,,0,山崎製パン,,no,,
bakery,yamazakibaking-ea5ee6,山崎麵包,山崎麵包,Q3138937,tw,,0,山崎麵包,,no,,
bakery,yamazakibaking-ebd86c,山崎麵包 Yamazaki Bakery,山崎麵包 Yamazaki Bakery,Q3138937,hk,,0,山崎麵包 Yamazaki Bakery,yamazaki-bakery,no,,
bakery,parisbaguette-c0ca1d,巴黎贝甜 (中国),巴黎贝甜,Q62605260,cn,,2,巴黎贝甜,,no,,
supermarket,friendmart-2e84c0,フレンドマート,平和堂,Q11060757,jp-chubu.geojson|jp-kinki.geojson,,0,平和堂,,no,,
supermarket,heiwado-2e84c0,平和堂,平和堂,Q11060757,jp-chubu.geojson|jp-kinki.geojson,,0,平和堂,,no,,
deli,liaojibangbangji-5c76da,廖记棒棒鸡,廖记棒棒鸡,Q108484708,cn,,0,廖记棒棒鸡,,no,,
wholesale,costco-596e18,开市客,开市客,Q715583,cn,hk|mo,0,开市客,,no,,
tea,zhangyiyuan-704b78,张一元,张一元,Q11067997,cn,,0,张一元,,no,,
convenience,7a7abd-da9ca7,快客,快客,,cn,,0,快客,,no,,
convenience,happymart-da9ca7,悦来悦喜,悦来悦喜,Q111263222,cn,,0,悦来悦喜,,no,,
supermarket,wellcome-745f9c,惠康 Wellcome,惠康 Wellcome,Q706247,hk,,0,惠康 Wellcome,wellcome,no,,
supermarket,amart-14223e,愛買,愛買,Q4648764,tw,,0,愛買,,no,,
supermarket,seijoishii-fe0970,成城石井,成城石井,Q11495410,jp,,0,成城石井,,no,,
convenience,newjoy-da9ca7,新佳宜,新佳宜,Q131993092,cn,,0,新佳宜,,no,,
convenience,uhome-9729f7,新力有家,新力有家,Q136192169,cn,hk|mo,1,新力有家,,no,,
variety_store,muji-8e7978,无印良品,无印良品,Q708789,cn,hk|mo,2,无印良品,,no,,
convenience,intolife-da9ca7,易客来,易客来,Q111263705,cn,,0,易客来,,no,,
convenience,easyjoy-da9ca7,易捷,易捷,Q108301051,cn,,1,易捷,,no,,
supermarket,tokoustore-91705c,東光ストア,東光ストア,Q11526020,jp-01-ishikari.geojson,,0,東光ストア,,no,,
supermarket,tokyustore-466bb0,東急ストア,東急ストア,Q11526963,jp-22.geojson|jp-kanto.geojson,,0,東急ストア,,no,,
pet,etipets-945fbc,東森寵物雲,東森寵物雲,Q116214921,tw,,0,東森寵物雲,,no,,
supermarket,tobustore-692411,東武ストア,東武ストア,Q11527478,jp-11.geojson|jp-12.geojson|jp-13.geojson,,0,東武ストア,,no,,
bakery,aromebakery-ebd86c,東海堂 Arome Bakery,東海堂 Arome Bakery,Q1305627,hk,,0,東海堂 Arome Bakery,arome-bakery,no,,
greengrocer,guoweiyi-98c5dd,果唯伊,果唯伊,Q108167377,cn,,0,果唯伊,,no,,
supermarket,funcomsupermarket-14223e,楓康超市,楓康超市,Q10915548,tw,,1,楓康超市,,no,,
supermarket,gyomusuper-fe0970,業務スーパー,業務スーパー,Q105687460,jp,,0,業務スーパー,,no,,
supermarket,youpalette-7ef8c9,ユーパレット,業務スーパー,Q105687460,jp-20.geojson,,0,業務スーパー,,no,,
bakery,gakuden-ea5ee6,樂田麵包屋,樂田麵包屋,Q108366505,tw,,0,樂田麵包屋,,no,,
supermarket,aeon-85bacf,永旺,永旺,Q271413,cn,hk,0,永旺,,no,,
supermarket,yonghuisuperstores-eda947,永辉超市,永辉超市,Q17028520,cn,,1,永辉超市,,no,,
supermarket,walmart-eda947,沃尔玛,沃尔玛,Q483551,cn,,1,沃尔玛,,no,,
pastry,luxihetaosu-f204a7,泸溪河,泸溪河,Q114050925,cn,,0,泸溪河,,no,,
supermarket,jinanhualian-24a030,济南华联超市,济南华联超市,Q123025079,"[117.1140042,36.6507007,50]",,1,济南华联超市,,no,,
variety_store,muji-501f06,無印良品 (臺灣),無印良品,Q708789,tw,,1,無印良品,,no,,
variety_store,muji-e1b193,無印良品 (日本),無印良品,Q708789,jp,,1,無印良品,,no,,
variety_store,muji-264ade,無印良品 Muji,無印良品 Muji,Q708789,hk|mo,,1,無印良品 Muji,muji,only_svg,muji.svg,
deli,huangshanghuang-5c76da,煌上煌,煌上煌,Q15954067,cn,,0,煌上煌,,no,,
bakery,addlove-c0ca1d,爱达乐,爱达乐,Q20312234,cn,,2,爱达乐,,no,,
supermarket,wumart-eda947,物美,物美,Q8039225,cn,,1,物美,,no,,
supermarket,parknshop-3601ab,百佳超級市場 PARKnSHOP,百佳超級市場 PARKnSHOP,Q7138619,hk|mo,,0,百佳超級市場 PARKnSHOP,parknshop,no,,
supermarket,baixing-eda947,百姓量贩,百姓量贩,Q123025089,cn,,0,百姓量贩,,no,,
convenience,batterlife-da9ca7,百得来,百得来,Q111263235,cn,,0,百得来,,no,,
greengrocer,pagoda-98c5dd,百果园,百果园,Q111585678,cn,,0,百果园,,no,,
supermarket,freshhema-eda947,盒马鲜生,盒马鲜生,Q58617964,cn,,1,盒马鲜生,,no,,
supermarket,sotetsurosen-6e8ffa,相鉄ローゼン,相鉄ローゼン,Q11582450,jp-13.geojson|jp-14.geojson,,0,相鉄ローゼン,,no,,
bakery,floridabakery-ea5ee6,福利麵包,福利麵包,Q111128271,tw,,0,福利麵包,,no,,
pastry,daoxiangcun-f204a7,稻香村（苏州）,稻香村,Q10452498,cn,,0,稻香村,,no,,
supermarket,watahansupercenter-150ace,綿半スーパーセンター,綿半スーパーセンター,Q126189811,jp-chubu.geojson|jp-kanto.geojson,,0,綿半スーパーセンター,,no,,
convenience,hongqichain-da9ca7,红旗连锁,红旗连锁,Q15932971,cn,,0,红旗连锁,,no,,
deli,jueweiduckneck-5c76da,绝味鸭脖,绝味鸭脖,Q17573681,cn,,1,绝味鸭脖,,no,,
convenience,lawson-9729f7,罗森,罗森,Q1557223,cn,hk|mo,0,罗森,,no,,
convenience,meiyijia-da9ca7,美宜佳,美宜佳,Q55719551,cn,,0,美宜佳,,no,,
supermarket,simplemart-14223e,美廉社,美廉社,Q15914017,tw,,0,美廉社,,no,,
bakery,maximscakes-ebd86c,美心西餅 Maxim's Cakes,美心西餅 Maxim's Cakes,Q15924792,hk,,0,美心西餅 Maxim's Cakes,maxims-cakes,no,,
bakery,sainthonorecakeshop-757d2b,聖安娜餅屋 Saint Honore Cake Shop,聖安娜餅屋 Saint Honore Cake Shop,Q7401373,hk|mo,,0,聖安娜餅屋 Saint Honore Cake Shop,saint-honore-cake-shop,no,,
supermarket,santacruz-14223e,聖德科斯,聖德科斯,Q126368246,tw,,0,聖德科斯,,no,,
supermarket,hanamasa-4344cc,肉のハナマサ,肉のハナマサ,Q11326564,jp-27.geojson|jp-kanto.geojson,,2,肉のハナマサ,,no,,
convenience,wudongfeng-da9ca7,舞东风,舞东风,Q111051442,cn,,0,舞东风,,no,,
nuts,bestore-1d484f,良品铺子,良品铺子,Q76382148,cn,hk|mo,0,良品铺子,,no,,
supermarket,vanguard-745f9c,華潤萬家 Vanguard,華潤萬家 Vanguard,Q5099892,hk,,0,華潤萬家 Vanguard,vanguard,no,,
convenience,hilife-aa89a7,萊爾富,萊爾富,Q11326216,tw,,0,萊爾富,,no,,
convenience,spxexpress-aa89a7,蝦皮店到店,蝦皮店到店,Q109676747,tw,,4,蝦皮店到店,,no,,
supermarket,seiyu-fe0970,西友,西友,Q3108542,jp,,0,西友,,no,,
greengrocer,ypshengxian-98c5dd,谊品生鲜,谊品生鲜,Q110398461,cn,,0,谊品生鲜,,no,,
supermarket,csfmarket-eda947,超市发,超市发,Q106844410,cn,,0,超市发,,no,,
convenience,goodspot-9729f7,邻几,邻几,Q136192152,cn,hk|mo,0,邻几,,no,,
supermarket,leezen-14223e,里仁,里仁,Q126368246,tw,,0,里仁,,no,,
convenience,jinhuconvenience-da9ca7,金虎便利,金虎便利,Q135616266,cn,,0,金虎便利,,no,,
greengrocer,qdama-98c5dd,钱大妈,钱大妈,Q109342535,cn,,0,钱大妈,,no,,
supermarket,inzone-eda947,银座超市,银座超市,Q123025090,cn,,0,银座超市,,no,,
supermarket,charmson-eda947,长申国际购物广场,长申国际购物广场,Q111270006,cn,,0,长申国际购物广场,,no,,
supermarket,kansaisuper-f0db75,関西スーパー,関西スーパー,Q11656215,jp-kinki.geojson,,0,関西スーパー,,no,,
supermarket,hankyuoasis-f0db75,阪急オアシス,阪急オアシス,Q11656737,jp-kinki.geojson,,0,阪急オアシス,,no,,
bakery,breadtalk-4517b3,面包新语,面包新语,Q1106640,cn,hk|mo,0,面包新语,,no,,
bakery,shunchenbakery-ea5ee6,順成蛋糕,順成蛋糕,Q126364999,tw,,1,順成蛋糕,,no,,
bakery,mrmark-ea5ee6,馬可先生,馬可先生,Q108366217,tw,,0,馬可先生,,no,,
pet,petsmallfish-945fbc,魚中魚,魚中魚,Q120801864,tw,,0,魚中魚,,no,,
bakery,baospastry-4517b3,鲍师傅,鲍师傅,Q115000221,cn,hk|mo,0,鲍师傅,,no,,
greengrocer,xianfengfruit-c3a176,鲜丰水果,鲜丰水果,Q136192256,cn,hk|mo,0,鲜丰水果,,no,,
beverages,hungfooktong-71bf69,鴻福堂 Hung Fook Tong,鴻福堂 Hung Fook Tong,Q11173952,hk,,0,鴻福堂 Hung Fook Tong,hung-fook-tong,no,,
wholesale,metro-596e18,麦德龙,麦德龙,Q13610282,cn,hk|mo,0,麦德龙,,no,,
bakery,breadtalk-757d2b,麵包新語 BreadTalk,麵包新語 BreadTalk,Q1106640,hk|mo,,0,麵包新語 BreadTalk,breadtalk,no,,
variety_store,daiso-67f747,다이소,다이소,Q12590862,kr,,0,다이소,,no,,
bakery,touslesjours-e38a76,뚜레쥬르,뚜레쥬르,Q3535609,kr,,1,뚜레쥬르,,no,,
supermarket,lottemart-12b833,롯데마트,롯데마트,Q326715,kr,,0,롯데마트,,no,,
supermarket,87a10a-12b833,롯데슈퍼,롯데슈퍼,Q12594199,kr,,0,롯데슈퍼,,no,,
convenience,7eleven-fab923,세븐일레븐,세븐일레븐,Q259340,kr,,2,세븐일레븐,,no,,
supermarket,ee59eb-12b833,우리마트,우리마트,,kr,,0,우리마트,,no,,
convenience,emart24-fab923,이마트24,이마트24,Q16219674,kr,,1,이마트24,24,no,,
bakery,parisbaguette-e38a76,파리바게뜨 (대한민국),파리바게뜨,Q62605260,kr,,1,파리바게뜨,,no,,
supermarket,hanaromart-12b833,하나로마트,하나로마트,Q12590611,kr,,0,하나로마트,,no,,
